Sample	Acetanaerobacterium	Acetivibrio	Acetonema	Achromobacter	Acidicaldus	Acidicapsa	Acidipila	Acidisphaera	Aciditerrimonas	Acidobacterium	Acidocella	Acidothermus	Acidovorax	Acinetobacter	Acrocarpospora	Actinoallomurus	Actinoalloteichus	Actinocatenispora	Actinocorallia	Actinomadura	Actinomycetospora	Actinophytocola	Actinoplanes	Actinopolymorpha	Actinospica	Adhaeribacter	Aeromicrobium	Afipia	Aggregicoccus	Agrococcus	Agromyces	Alicyclobacillus	Alkaliphilus	Alkanibacter	Alkanindiges	Allobacillus	Allocatelliglobosispora	Allokutzneria	Allonocardiopsis	Alsobacter	Altererythrobacter	Amaricoccus	Ameyamaea	Aminobacter	Ammoniibacillus	Ammoniphilus	Amnibacterium	Amorphus	Amphibacillus	Amphiplicatus	Amycolatopsis	Anaerobacillus	Anaerobacter	Anaerobacterium	Anaerococcus	Anaeromyxobacter	Anaerosalibacter	Anaerosinus	Anaerospora	Anaerosporobacter	Anaerovorax	Ancalomicrobium	Ancylobacter	Anderseniella	Aneurinibacillus	Angiococcus	Angustibacter	Anoxybacillus	Aquabacter	Aquabacterium	Aquicella	Aquihabitans	Aquimonas	Aquincola	Aquisphaera	Archangium	Arenimonas	Aridibacter	Armatimonadetes_gp2	Armatimonadetes_gp4	Armatimonadetes_gp5	Armatimonas/Armatimonadetes_gp1	Arthrobacter	Asanoa	Aspromonas	Asticcacaulis	Aureimonas	Azoarcus	Azohydromonas	Azonexus	Azospirillum	Azotobacter	BRC1_genera_incertae_sedis	Bacillariophyta	Bacillus	Bacteriovorax	Bauldia	Bdellovibrio	Beggiatoa	Beijerinckia	Belnapia	Bhargavaea	Blastocatella	Blastochloris	Blastococcus	Blastomonas	Bogoriella	Bosea	Brachybacterium	Bradyrhizobium	Brevibacillus	Brevifollis	Brevundimonas	Brucella	Bryobacter	Bryocella	Burkholderia	Byssovorax	Caenimonas	Caldilinea	Caldimonas	Caldisericum	Calditerricola	Camelimonas	Candidatus Carsonella	Candidatus Endomicrobium	Candidatus Hydrogenedens	Candidatus Koribacter	Candidatus Procabacter	Candidatus Solibacter	Caryophanon	Catellatospora	Catelliglobosispora	Catenulispora	Caulobacter	Cellulomonas	Cellulosibacter	Cellulosilyticum	Cellulosimicrobium	Cellvibrio	Cerasibacillus	Chelativorans	Chelatococcus	Chiayiivirga	Chitinophaga	Chloroflexus	Chlorophyta	Chondromyces	Chryseobacterium	Chryseolinea	Chthonomonas/Armatimonadetes_gp3	Chungangia	Citricoccus	Clostridium III	Clostridium IV	Clostridium XI	Clostridium XII	Clostridium XVIII	Clostridium XlVa	Clostridium XlVb	Clostridium sensu stricto	Cnuella	Cohnella	Compostibacillus	Conexibacter	Corallococcus	Corynebacterium	Couchioplanes	Coxiella	Craurococcus	Croceicoccus	Cryptanaerobacter	Cryptosporangium	Cupriavidus	Curtobacterium	Cystobacter	Cytophaga	Dactylosporangium	Daeguia	Deferrisoma	Defluviicoccus	Dehalobacter	Dehalogenimonas	Deinobacterium	Deinococcus	Delftia	Dendrosporobacter	Desertibacter	Desulfitibacter	Desulfitobacterium	Desulfomonile	Desulfosporomusa	Desulfosporosinus	Desulfotomaculum	Desulfovermiculus	Desulfuribacillus	Devosia	Diaphorobacter	Diplorickettsia	Dokdonella	Dolosigranulum	Domibacillus	Dongia	Duganella	Dyadobacter	Dyella	Dysgonomonas	Edaphobacter	Effusibacillus	Elioraea	Elusimicrobium	Emticicia	Endobacter	Enhydrobacter	Enhygromyxa	Ensifer	Enterococcus	Enterorhabdus	Erythrobacter	Erythromicrobium	Escherichia/Shigella	Ethanoligenens	Euzebya	Falsibacillus	Falsochrobactrum	Ferrithrix	Ferrovibrio	Ferruginibacter	Fervidicella	Fibrella	Fibrisoma	Fibrobacter	Fictibacillus	Filibacter	Filimonas	Filomicrobium	Fimbriimonas	Finegoldia	Flavihumibacter	Flavisolibacter	Flavitalea	Flavobacterium	Flavonifractor	Flexivirga	Flindersiella	Fluviicola	Fodinicola	Fontibacillus	Fonticella	Fontimonas	Frateuria	Friedmanniella	Frigoribacterium	Fulvimarina	Fulvimonas	Gaiella	Geminicoccus	Gemmata	Gemmatimonas	Geobacillus	Geobacter	Geodermatophilus	Geomicrobium	Georgenia	Geothermomicrobium	Gimesia	Glaciimonas	Gluconacetobacter	Glycomyces	Goodfellowiella	Gordonia	Gp1	Gp10	Gp11	Gp12	Gp13	Gp14	Gp15	Gp16	Gp17	Gp18	Gp19	Gp2	Gp20	Gp21	Gp22	Gp25	Gp3	Gp4	Gp5	Gp6	Gp7	Gp9	GpI	GpIV	GpV	GpVIII	GpXIII	Gracilibacter	Granulicella	Gryllotalpicola	Haloferula	Haloplasma	Haloquadratum	Hamadaea	Hartmannibacter	Hathewaya	Hazenella	Heliimonas	Hephaestia	Herbaspirillum	Herbiconiux	Herbidospora	Herpetosiphon	Hoeflea	Holophaga	Humibacter	Humitalea	Hungatella	Hyalangium	Hydrogenispora	Hymenobacter	Hyphomicrobium	Iamia	Ilumatobacter	Imperialibacter	Inhella	Inquilinus	Intestinimonas	Intrasporangium	Isoptericola	Isosphaera	Jahnella	Janibacter	Janthinobacterium	Jatrophihabitans	Jeotgalibacillus	Jiangella	Jishengella	Kaistia	Kallotenue	Kibdelosporangium	Kineococcus	Kineosporia	Kinneretia	Kitasatospora	Knoellia	Kocuria	Kofleria	Krasilnikovia	Kribbella	Kribbia	Kroppenstedtia	Ktedonobacter	Kurthia	Kutzneria	Labedaea	Labilithrix	Labrys	Laceyella	Lachnospiracea_incertae_sedis	Lacibacter	Lacibacterium	Lactonifactor	Lapillicoccus	Larkinella	Latescibacteria_genera_incertae_sedis	Lautropia	Lechevalieria	Legionella	Leifsonia	Lentibacillus	Lentilitoribacter	Lentzea	Leucobacter	Lihuaxuella	Limimonas	Limisphaera	Limnobacter	Litorilinea	Longispora	Luedemannella	Luteibacter	Luteimicrobium	Luteimonas	Luteipulveratus	Luteolibacter	Lutibaculum	Lutispora	Lysinibacillus	Lysinimicrobium	Lysobacter	Magnetospirillum	Mariniluteicoccus	Marininema	Marmoricola	Martelella	Massilia	Meganema	Megasphaera	Mesorhizobium	Methanobacterium	Methanobrevibacter	Methanocella	Methanoculleus	Methanomassiliicoccus	Methanosarcina	Methanosphaera	Methylobacter	Methylobacterium	Methylocapsa	Methyloceanibacter	Methylocella	Methylococcus	Methylocystis	Methyloferula	Methylogaea	Methyloligella	Methyloparacoccus	Methylophilus	Methylorosula	Methylosarcina	Methylosinus	Methylotenera	Methyloversatilis	Methylovirgula	Methylovorus	Microbacterium	Microbispora	Microlunatus	Micromonospora	Microtetraspora	Microvirga	Millisia	Minicystis	Mitsuaria	Mizugakiibacter	Mobilitalea	Modestobacter	Moheibacter	Motilibacter	Mucilaginibacter	Mumia	Mycobacterium	Mycoplana	Myxococcus	Nakamurella	Nannocystis	Neochlamydia	Neorhizobium	Nevskia	Nguyenibacter	Niabella	Niastella	Nibrella	Nitratireductor	Nitriliruptor	Nitrobacter	Nitrolancea	Nitrosococcus	Nitrosomonas	Nitrososphaera	Nitrosospira	Nitrospira	Nitrospirillum	Nocardia	Nocardioides	Nocardiopsis	Nonomuraea	Noviherbaspirillum	Novosphingobium	Nubsella	Oceanirhabdus	Oceanobacillus	Ochrobactrum	Oerskovia	Ohtaekwangia	Oligoflexus	Oligotropha	Olivibacter	Opitutus	Orientia	Ornatilinea	Ornithinibacillus	Ornithinicoccus	Ornithinimicrobium	Oryzihumus	Oscillochloris	Ottowia	Oxalicibacterium	Oxalophagus	Pacearchaeota Incertae Sedis AR13	Paenibacillus	Paenisporosarcina	Paludibaculum	Panacagrimonas	Pandoraea	Pantoea	Papillibacter	Parablastomonas	Parachlamydia	Paracoccus	Paracraurococcus	Parafilimonas	Paraherbaspirillum	Parasegetibacter	Parasphingopyxis	Parasporobacterium	Parcubacteria_genera_incertae_sedis	Patulibacter	Paucimonas	Paucisalibacillus	Pedobacter	Pedomicrobium	Pelagibacterium	Pelomonas	Pelosinus	Pelotomaculum	Peredibacter	Phaselicystis	Phenylobacterium	Phreatobacter	Phycicoccus	Phycisphaera	Phyllobacterium	Phytohabitans	Phytomonospora	Pigmentiphaga	Pilimelia	Pirellula	Piscinibacter	Planctomicrobium	Planctopirus	Planifilum	Planobispora	Planococcaceae_incertae_sedis	Planomonospora	Planosporangium	Planotetraspora	Plantactinospora	Pleomorphomonas	Polyangium	Polycladomyces	Polymorphobacter	Polymorphospora	Pontibacillus	Pontibacter	Porphyrobacter	Povalibacter	Promicromonospora	Propionibacterium	Propioniciclava	Propionispora	Prosthecobacter	Prosthecomicrobium	Pseudacidovorax	Pseudenhygromyxa	Pseudobacteroides	Pseudoduganella	Pseudoflavonifractor	Pseudogulbenkiania	Pseudokineococcus	Pseudolabrys	Pseudomonas	Pseudonocardia	Pseudopedobacter	Pseudorhodoferax	Pseudosporangium	Pseudoxanthomonas	Psychrobacillus	Psychroglaciecola	Psychrosinus	Pullulanibacillus	Pyrinomonas	Pyrolobus	Pyxidicoccus	Quadrisphaera	Ralstonia	Ramlibacter	Renibacterium	Reyranella	Rheinheimera	Rhizobacter	Rhizobium	Rhizocola	Rhizomicrobium	Rhizorhabdus	Rhizorhapis	Rhodanobacter	Rhodoblastus	Rhodococcus	Rhodocytophaga	Rhodoferax	Rhodoligotrophos	Rhodomicrobium	Rhodopila	Rhodoplanes	Rhodopseudomonas	Rickettsia	Riemerella	Rivibacter	Robinsoniella	Romboutsia	Roseateles	Roseburia	Roseiarcus	Roseiflexus	Roseimicrobium	Roseomonas	Rubellimicrobium	Rubinisphaera	Rubritepida	Rubrobacter	Rudaea	Rudaeicoccus	Rugosimonospora	Ruminococcus	Rummeliibacillus	Saccharibacillus	Saccharibacteria_genera_incertae_sedis	Saccharococcus	Saccharopolyspora	Saccharothrix	Salinarimonas	Salinibacillus	Salirhabdus	Sandaracinobacter	Sandaracinus	Schlegelella	Schlesneria	Sedimentibacter	Sediminibacterium	Segetibacter	Segniliparus	Seinonella	Shimazuella	Shinella	Simkania	Singulisphaera	Sinibacillus	Sinomonas	Sinosporangium	Siphonobacter	Skermanella	Skermania	Slackia	Smaragdicoccus	Solibacillus	Solimonas	Solirubrobacter	Solitalea	Soonwooa	Sorangium	Spartobacteria_genera_incertae_sedis	Sphaerisporangium	Sphaerobacter	Sphingobacterium	Sphingobium	Sphingomicrobium	Sphingomonas	Sphingopyxis	Sphingosinicella	Spirilliplanes	Spirillospora	Spirosoma	Sporacetigenium	Sporichthya	Sporobacter	Sporocytophaga	Sporolactobacillaceae_incertae_sedis	Sporolactobacillus	Sporolituus	Sporomusa	Sporosarcina	Sporotomaculum	Stackebrandtia	Stakelama	Staphylococcus	Starkeya	Stella	Stenotrophomonas	Steroidobacter	Stigmatella	Streptacidiphilus	Streptomyces	Streptophyta	Streptosporangium	Subdivision3_genera_incertae_sedis	Subdivision5_genera_incertae_sedis	Symbiobacterium	Syntrophobacter	Syntrophobotulus	Syntrophorhabdus	Tahibacter	Taibaiella	Taonella	Tardiphaga	Telluria	Telmatobacter	Telmatocola	Telmatospirillum	Tepidisphaera	Terrabacter	Terribacillus	Terriglobus	Terrimicrobium	Terrimonas	Terrisporobacter	Tersicoccus	Tetrasphaera	Thermaerobacter	Thermincola	Thermoactinomyces	Thermoactinospora	Thermobacillus	Thermocatellispora	Thermoflavimicrobium	Thermogutta	Thermoleophilum	Thermolongibacillus	Thermomarinilinea	Thermomonas	Thermomonospora	Thermopolyspora	Thermosporothrix	Tissierella	Tomitella	Truepera	Tsukamurella	Tuberibacillus	Tumebacillus	Turicella	Turicibacter	Unclassified Acetobacteraceae Family	Unclassified Acidimicrobiaceae Family	Unclassified Acidimicrobiales Order	Unclassified Acidobacteria Phylum	Unclassified Acidobacteria_Gp1 Class	Unclassified Acidobacteria_Gp3 Class	Unclassified Acidobacteria_Gp4 Class	Unclassified Actinobacteria Class	Unclassified Actinobacteria Phylum	Unclassified Actinomycetales Order	Unclassified Alcaligenaceae Family	Unclassified Alicyclobacillaceae Family	Unclassified Alphaproteobacteria Class	Unclassified Anaerolineaceae Family	Unclassified Armatimonadetes Phylum	Unclassified Aurantimonadaceae Family	Unclassified Bacillaceae 1 Family	Unclassified Bacillaceae 2 Family	Unclassified Bacillales Order	Unclassified Bacilli Class	Unclassified Bacteriovoracaceae Family	Unclassified Bacteroidales Order	Unclassified Bacteroidetes Phylum	Unclassified Bdellovibrionaceae Family	Unclassified Bdellovibrionales Order	Unclassified Beijerinckiaceae Family	Unclassified Betaproteobacteria Class	Unclassified Beutenbergiaceae Family	Unclassified Bogoriellaceae Family	Unclassified Bradyrhizobiaceae Family	Unclassified Brevibacteriaceae Family	Unclassified Brucellaceae Family	Unclassified Burkholderiaceae Family	Unclassified Burkholderiales Order	Unclassified Burkholderiales_incertae_sedis Family	Unclassified Caldilineaceae Family	Unclassified Carnobacteriaceae Family	Unclassified Caulobacteraceae Family	Unclassified Caulobacterales Order	Unclassified Cellulomonadaceae Family	Unclassified Chitinophagaceae Family	Unclassified Chlamydiales Order	Unclassified Chloroflexaceae Family	Unclassified Chloroflexales Order	Unclassified Chloroflexi Phylum	Unclassified Chloroflexia Class	Unclassified Chloroplast Family	Unclassified Chromatiaceae Family	Unclassified Chromatiales Order	Unclassified Clostridia Class	Unclassified Clostridiaceae 1 Family	Unclassified Clostridiaceae 4 Family	Unclassified Clostridiales Order	Unclassified Clostridiales_Incertae Sedis XI Family	Unclassified Comamonadaceae Family	Unclassified Coriobacteriaceae Family	Unclassified Coxiellaceae Family	Unclassified Cryomorphaceae Family	Unclassified Cryptosporangiaceae Family	Unclassified Cyanobacteria Class	Unclassified Cyanobacteria/Chloroplast Phylum	Unclassified Cystobacteraceae Family	Unclassified Cytophagaceae Family	Unclassified Cytophagales Order	Unclassified Deinococcaceae Family	Unclassified Deinococcales Order	Unclassified Deinococci Class	Unclassified Deltaproteobacteria Class	Unclassified Dermabacteraceae Family	Unclassified Dermacoccaceae Family	Unclassified Desulfobulbaceae Family	Unclassified Desulfohalobiaceae Family	Unclassified Desulfovibrionales Order	Unclassified Desulfuromonadales Order	Unclassified Ectothiorhodospiraceae Family	Unclassified Elusimicrobia Phylum	Unclassified Enterobacteriaceae Family	Unclassified Erysipelotrichaceae Family	Unclassified Erythrobacteraceae Family	Unclassified Eubacteriaceae Family	Unclassified Euryarchaeota Phylum	Unclassified Fibrobacteres Phylum	Unclassified Firmicutes Phylum	Unclassified Flammeovirgaceae Family	Unclassified Flavobacteriaceae Family	Unclassified Flavobacteriales Order	Unclassified Gammaproteobacteria Class	Unclassified Geobacteraceae Family	Unclassified Geodermatophilaceae Family	Unclassified Gracilibacteraceae Family	Unclassified Holophagaceae Family	Unclassified Holophagae Class	Unclassified Hyphomicrobiaceae Family	Unclassified Iamiaceae Family	Unclassified Intrasporangiaceae Family	Unclassified Jiangellaceae Family	Unclassified Kineosporiaceae Family	Unclassified Ktedonobacterales Order	Unclassified Ktedonobacteria Class	Unclassified Lachnospiraceae Family	Unclassified Lactobacillales Order	Unclassified Legionellales Order	Unclassified Methanobacteriaceae Family	Unclassified Methanomicrobia Class	Unclassified Methanomicrobiaceae Family	Unclassified Methanomicrobiales Order	Unclassified Methanosarcinaceae Family	Unclassified Methanosarcinales Order	Unclassified Methylobacteriaceae Family	Unclassified Methylococcaceae Family	Unclassified Methylocystaceae Family	Unclassified Methylophilaceae Family	Unclassified Microbacteriaceae Family	Unclassified Micrococcaceae Family	Unclassified Micromonosporaceae Family	Unclassified Moraxellaceae Family	Unclassified Mycobacteriaceae Family	Unclassified Myxococcaceae Family	Unclassified Myxococcales Order	Unclassified Nannocystaceae Family	Unclassified Neisseriaceae Family	Unclassified Nitrosomonadales Order	Unclassified Nitrospiraceae Family	Unclassified Nocardiaceae Family	Unclassified Nocardioidaceae Family	Unclassified Nocardiopsaceae Family	Unclassified Opitutaceae Family	Unclassified Opitutae Class	Unclassified Oxalobacteraceae Family	Unclassified Paenibacillaceae 1 Family	Unclassified Paenibacillaceae 2 Family	Unclassified Parachlamydiaceae Family	Unclassified Peptococcaceae 1 Family	Unclassified Peptococcaceae 2 Family	Unclassified Peptostreptococcaceae Family	Unclassified Phycisphaerae Class	Unclassified Phyllobacteriaceae Family	Unclassified Planctomycetaceae Family	Unclassified Planctomycetes Phylum	Unclassified Planctomycetia Class	Unclassified Planococcaceae Family	Unclassified Polyangiaceae Family	Unclassified Prolixibacteraceae Family	Unclassified Promicromonosporaceae Family	Unclassified Propionibacteriaceae Family	Unclassified Proteobacteria Phylum	Unclassified Pseudomonadaceae Family	Unclassified Pseudomonadales Order	Unclassified Pseudonocardiaceae Family	Unclassified Rhizobiaceae Family	Unclassified Rhizobiales Order	Unclassified Rhizobiales_incertae_sedis Family	Unclassified Rhodobacteraceae Family	Unclassified Rhodobiaceae Family	Unclassified Rhodocyclaceae Family	Unclassified Rhodospirillaceae Family	Unclassified Rhodospirillales Order	Unclassified Rickettsiaceae Family	Unclassified Ruminococcaceae Family	Unclassified Selenomonadales Order	Unclassified Sinobacteraceae Family	Unclassified Sneathiellaceae Family	Unclassified Solirubrobacterales Order	Unclassified Spartobacteria Class	Unclassified Sphaerobacteraceae Family	Unclassified Sphingobacteriaceae Family	Unclassified Sphingobacteriales Order	Unclassified Sphingomonadaceae Family	Unclassified Sphingomonadales Order	Unclassified Spirochaetaceae Family	Unclassified Spirochaetales Order	Unclassified Sporolactobacillaceae Family	Unclassified Streptomycetaceae Family	Unclassified Streptosporangiaceae Family	Unclassified Subdivision3 Class	Unclassified Syntrophobacteraceae Family	Unclassified Syntrophobacterales Order	Unclassified Syntrophomonadaceae Family	Unclassified Thaumarchaeota Phylum	Unclassified Thermoactinomycetaceae 1 Family	Unclassified Thermoactinomycetaceae 2 Family	Unclassified Thermomicrobia Class	Unclassified Thermomonosporaceae Family	Unclassified Thermoplasmata Class	Unclassified Thermoprotei Class	Unclassified Veillonellaceae Family	Unclassified Verrucomicrobia Phylum	Unclassified Verrucomicrobiaceae Family	Unclassified Verrucomicrobiales Order	Unclassified Woesearchaeota Phylum	Unclassified Xanthobacteraceae Family	Unclassified Xanthomonadaceae Family	Unclassified Xanthomonadales Order	Ureibacillus	Vampirovibrio	Variibacter	Variovorax	Vasilyevaea	Verrucomicrobium	Verrucosispora	Virgibacillus	Virgisporangium	Viridibacillus	Vogesella	Vulcaniibacterium	Vulgatibacter	WPS-1_genera_incertae_sedis	WPS-2_genera_incertae_sedis	Weissella	Williamsia	Xanthobacter	Xanthomonas	Xenophilus	Xiangella	Xiphinematobacter	Xylanimonas	Xylophilus	Yuhushiella	ZB3_genera_incertae_sedis	Zavarzinella	Zhihengliuella	Zhizhongheella
BulkRAG1	0	0	0	1	0	0	133	0	45	0	2	2	0	0	0	95	0	0	14	9	43	0	0	0	11	1	16	0	1	0	1	2	0	0	2	3	0	0	0	34	0	0	2	0	0	8	6	0	0	0	40	0	16	5	0	307	0	0	3	0	0	0	0	0	4	0	7	0	0	0	46	22	0	0	301	0	0	112	0	1	2	1	28	2	0	7	10	1	4	0	4	0	2	16	347	1	1	38	0	4	11	0	10	0	77	0	6	3	0	65	106	0	3	0	0	4	49	1	1	0	0	0	0	3	0	0	0	611	1	1048	0	4	0	82	3	3	1	0	0	0	1	1	0	0	4	0	6	2	2	4	3	7	0	0	0	3	0	1	7	0	34	6	172	23	20	0	0	0	0	1	0	0	1	0	2	0	0	56	0	0	0	0	0	1	2	0	0	0	1	1	0	0	0	0	0	0	22	0	0	1	0	0	0	0	19	6	0	37	3	0	0	0	0	0	0	0	0	2	0	0	0	0	0	23	0	1	0	0	0	0	0	2	59	47	0	1	8	0	0	15	5	10	0	0	0	0	0	26	1	0	3	6	0	0	0	2862	4	63	512	0	11	46	0	0	0	3	1	1	0	0	0	2931	20	1	1	32	0	2	135	5	2	0	199	0	0	1	7	1523	260	138	420	195	0	38	0	14	0	3	1	4	1	0	0	0	1	4	0	0	0	0	0	0	1	1	0	0	7	0	0	0	1	16	41	4	54	0	0	0	0	12	1	0	0	5	1	361	1	0	0	1	122	0	1	0	0	24	1	0	85	33	130	1	0	109	0	6	4	309	15	0	0	0	17	0	1	3	15	0	1	7	9	0	0	1	0	0	0	0	0	0	0	2	4	3	0	0	2	0	0	53	0	2	0	0	0	73	0	297	0	0	21	0	0	0	2	2	0	0	0	56	0	135	0	0	0	0	0	0	0	0	0	0	0	0	0	0	0	0	9	7	0	0	107	1	3	0	0	1	35	0	15	95	65	112	0	2	8	1	26	8	1	0	2	36	1	0	0	6	39	0	0	464	12	643	0	26	134	1	10	14	5	2	0	2	1	0	2	15	0	0	32	0	0	5	0	0	5	0	1	1	156	0	299	0	5	0	0	1	0	0	8	0	2	2	2	2	0	0	4	4	6	11	5	35	0	0	3	0	13	5	94	1	53	0	0	0	0	0	0	71	0	0	1	0	0	2	4	3	3	12	0	1	0	1	0	2	1	1	10	2	1	0	0	3	0	0	0	0	1	0	0	0	1	2	48	0	0	0	0	0	0	1	23	0	0	0	3	4	101	1	133	0	0	6	1	5	48	1	1	0	1	0	0	0	0	9	0	2	0	0	0	0	1	0	0	7	1	1	4	1	0	20	46	0	0	117	0	4	0	365	0	0	0	3	1	0	1	1	0	5	0	0	23	0	0	96	0	1	41	0	154	2	2	3	0	0	13	0	0	274	0	0	0	774	24	18	12	3	0	127	0	1	0	0	3	0	4	0	0	1	0	0	1	217	0	0	0	0	0	7	1	14	0	46	50	0	23	324	0	0	0	0	0	0	4	0	0	2	0	0	2	30	203	1	8	4	20	0	0	0	0	0	0	0	0	0	0	1	31	0	0	0	0	0	463	0	0	0	0	6	379	0	12	1078	2	457	710	6252	2786	245	7783	2677	20535	2	112	6228	20	11	6	407	1254	10668	1908	1	0	352	0	1	16	1497	3	4	633	1	6	60	976	32	1	0	47	10	2	844	37	1	0	501	109	5	0	1	18	159	0	151	0	332	0	2	0	10	103	22	52	35	26	1	0	0	221	2	0	0	0	0	34	0	0	4	1	1	0	22	0	2654	0	9	5	708	3	172	0	0	0	121	62	1595	0	15	1168	71	56	5	0	0	0	0	0	0	0	11	0	7	0	302	516	1617	0	29	8	703	0	0	0	0	7	651	1	1	0	2282	432	188	104	1	1	22	2	13	2586	10	8	583	46	0	57	30	3946	4	0	174	38	3553	18	1	58	9	172	808	0	62	0	40	0	932	366	29	158	12	2142	294	0	0	1	173	311	71	0	0	0	2	46	0	4	24	1	4	13	501	11	0	0	1	128	3	0	22	1	4	6	1	0	5	1	0	0	2	48	605	695	0	1	0	0	1	0	0	0	0	0	0	36	33	0
BulkRAG2	0	0	0	4	0	0	156	1	57	0	2	4	0	0	0	108	0	0	11	22	95	0	0	0	9	3	10	0	1	1	1	9	0	0	0	2	1	0	0	60	1	0	0	0	1	5	12	0	0	0	74	0	21	12	0	447	0	0	8	0	0	0	0	0	7	0	8	0	0	0	53	25	0	0	330	0	0	299	0	0	9	5	32	0	0	11	13	0	1	0	11	0	3	28	668	1	2	48	0	7	6	0	28	0	121	0	3	6	2	97	136	0	2	0	0	5	90	4	1	1	0	0	0	0	0	0	0	752	0	899	0	5	0	124	2	1	0	0	1	2	0	0	0	0	9	0	12	0	3	2	8	4	0	4	0	3	2	0	6	0	58	8	217	30	40	1	0	0	0	3	0	0	1	9	2	0	0	39	0	0	0	0	0	0	7	0	0	0	0	3	0	0	1	0	0	0	31	0	0	3	0	0	0	0	22	3	2	24	10	0	0	0	0	0	0	0	0	0	0	0	0	0	0	37	0	1	0	0	0	1	2	0	95	54	1	2	13	0	1	41	13	7	0	0	0	1	0	24	1	0	11	4	0	0	0	3851	6	68	770	0	3	95	0	10	0	2	3	2	0	1	1	3995	29	1	2	46	0	16	179	4	2	0	234	0	0	0	10	2192	329	246	660	241	0	39	0	24	1	4	0	9	1	0	1	0	1	3	0	0	1	0	0	0	2	0	1	0	2	0	0	1	2	28	70	10	51	1	1	0	0	6	2	0	1	5	1	530	1	0	0	1	239	0	3	2	0	36	0	1	87	38	58	0	0	262	0	16	5	205	21	0	0	0	17	0	0	5	12	1	2	6	11	0	0	1	0	0	0	0	0	0	0	1	8	1	2	0	7	0	0	59	0	0	0	0	0	155	0	549	0	0	17	0	0	0	1	2	0	0	0	112	0	147	2	0	0	0	0	0	0	0	0	0	1	0	0	0	0	1	20	10	2	0	207	1	13	0	0	0	29	2	47	118	72	172	1	2	13	0	21	3	0	0	5	31	0	0	0	10	61	0	0	758	14	908	0	38	149	1	14	9	3	3	0	1	1	0	9	5	1	1	39	0	0	4	0	1	6	0	0	2	179	0	397	0	4	0	0	0	0	0	14	0	0	2	0	3	0	0	7	8	10	13	15	60	0	1	8	0	11	5	96	0	98	2	0	0	0	0	0	83	0	1	2	0	0	1	6	4	1	72	0	1	0	0	0	2	1	0	6	9	0	0	0	1	0	0	0	0	1	0	0	4	1	5	53	0	0	0	0	0	0	0	26	0	1	1	6	3	145	3	112	0	0	11	2	5	43	0	1	0	2	0	0	0	1	28	0	1	0	0	0	0	1	0	0	13	4	0	13	3	0	23	60	1	0	174	0	1	0	582	0	0	2	3	0	0	2	0	4	7	0	0	62	0	0	108	1	0	71	0	276	0	8	2	0	0	34	1	0	374	0	0	0	1119	32	29	21	10	0	206	1	0	0	0	8	0	6	1	1	1	0	0	0	327	0	0	0	0	0	7	3	17	3	52	113	1	39	567	0	1	0	0	0	0	5	0	0	1	0	0	2	60	367	1	3	3	7	0	0	0	0	0	0	0	2	0	1	3	54	0	0	0	0	0	600	1	0	0	1	12	556	0	5	1399	1	615	769	6917	3180	393	8906	3323	23109	16	117	6322	22	9	7	618	1595	14051	2337	2	0	420	0	2	17	1816	3	1	706	0	6	113	1088	32	9	0	66	19	2	1235	46	1	0	714	202	7	0	2	20	165	0	119	1	403	1	0	0	18	118	10	51	36	58	0	0	2	222	1	0	0	0	0	7	0	0	12	0	3	0	25	0	3277	0	19	6	747	1	271	1	0	0	121	91	2214	0	27	1689	107	52	5	0	0	0	1	1	0	0	13	0	9	1	288	893	1851	0	62	6	895	0	3	0	0	9	703	11	1	1	2497	519	244	115	0	0	7	2	11	3317	9	9	682	56	0	22	33	3819	7	0	252	41	4091	22	11	89	9	189	1054	0	57	3	43	0	1372	359	58	183	22	2697	322	0	0	0	285	406	81	1	0	0	1	25	0	9	31	1	4	20	575	6	0	1	3	155	2	0	41	2	5	4	1	1	7	0	0	0	1	62	797	782	1	2	0	0	2	1	0	0	0	0	0	34	34	0
BulkRAG3	0	0	0	1	0	0	123	1	44	0	0	0	0	0	0	112	0	0	4	14	75	0	0	0	14	6	6	0	1	0	0	12	1	0	0	2	0	0	0	38	0	0	1	0	0	3	9	0	0	0	56	0	19	8	0	318	0	0	6	0	0	0	0	0	4	0	5	0	0	2	37	21	0	0	323	0	0	191	0	0	6	2	25	0	0	5	12	0	1	0	7	0	3	20	542	2	0	45	0	4	10	0	10	0	93	0	1	3	2	78	120	0	8	0	0	0	65	5	1	0	1	0	0	0	0	0	0	555	0	685	0	10	0	77	2	1	0	0	1	2	0	0	0	0	7	0	11	1	1	6	4	10	0	3	0	1	0	2	9	1	47	4	130	25	31	0	0	1	3	1	0	0	1	2	0	1	0	27	0	0	0	0	0	0	12	0	0	0	1	0	0	0	0	0	0	0	22	0	0	2	0	0	0	1	21	1	0	23	7	0	0	0	0	0	0	1	1	0	0	0	0	0	0	28	0	2	0	1	0	0	0	0	78	34	0	0	15	0	0	36	15	8	0	0	0	0	0	33	0	0	0	2	0	0	0	3259	2	51	524	0	5	57	0	2	0	4	4	1	0	1	0	2936	43	0	0	30	0	6	156	3	1	0	158	0	0	0	7	1801	271	178	420	173	0	28	0	19	2	6	0	12	0	0	0	0	4	3	0	0	0	0	0	0	4	0	0	0	1	0	0	1	1	15	38	6	54	0	0	1	0	11	2	0	1	3	0	453	3	0	0	2	197	0	3	0	0	28	0	0	59	21	48	0	0	151	0	6	6	146	14	0	0	0	12	0	0	7	6	0	3	9	10	0	0	0	0	0	0	0	0	0	1	0	4	0	0	0	3	0	0	42	0	0	1	1	0	133	0	375	0	0	14	0	0	0	0	2	0	0	0	118	0	108	1	0	0	0	0	0	0	0	0	0	1	0	1	0	0	3	11	10	1	0	120	0	12	0	2	0	27	1	32	100	78	126	0	4	13	0	27	1	0	1	4	21	0	0	0	5	44	0	0	629	9	704	1	31	191	3	10	9	4	2	0	6	2	0	3	9	1	1	18	0	0	7	0	0	4	0	0	3	181	0	297	0	5	0	0	1	0	0	15	0	5	1	1	3	0	1	6	9	7	18	9	46	0	1	1	0	6	3	92	0	67	1	0	0	0	1	0	50	0	0	1	0	0	0	4	4	1	7	0	1	0	0	1	0	1	0	1	3	3	0	0	1	0	0	0	0	0	0	1	2	1	5	43	0	3	0	0	0	0	1	18	0	0	0	6	3	123	0	88	0	0	21	1	4	56	1	1	0	3	0	0	0	1	16	0	0	0	0	0	0	2	0	0	11	7	0	6	3	0	21	62	1	0	113	0	4	1	456	0	0	1	0	1	0	1	0	2	4	0	0	40	0	0	84	1	2	52	0	185	0	6	2	0	0	21	4	0	329	0	0	0	971	30	19	12	2	0	173	0	1	0	0	1	0	2	0	1	2	0	0	1	254	0	0	0	0	0	2	3	5	0	41	92	4	20	379	0	2	0	0	0	0	4	0	0	0	0	0	0	49	279	1	7	2	5	0	0	0	0	0	0	0	0	0	0	2	51	0	0	0	0	0	461	1	0	0	0	10	393	0	8	1053	0	522	565	5241	2567	290	7008	2572	17877	5	86	4643	16	10	6	570	1286	10831	1689	1	1	302	0	2	16	1302	1	4	486	0	6	45	751	19	4	0	57	7	0	870	24	2	0	541	123	7	0	2	21	123	0	106	0	281	2	1	0	18	167	12	42	30	41	0	0	1	149	2	1	0	0	0	4	0	0	8	0	4	0	17	0	2299	0	14	2	553	0	214	0	1	0	83	90	1795	0	34	1123	86	50	4	0	0	0	0	0	0	0	17	0	8	1	260	567	1117	0	28	2	621	0	2	0	0	7	614	7	1	1	1820	416	189	85	0	0	9	2	1	2351	12	6	541	42	0	15	40	2775	8	1	186	23	2766	12	7	42	4	133	747	0	28	0	16	0	1029	342	32	139	9	2094	284	0	0	1	219	273	54	0	0	0	1	17	0	6	6	0	1	12	416	8	0	4	6	116	2	0	24	4	2	2	1	2	9	2	0	0	1	31	646	516	0	10	0	1	0	0	0	0	0	0	0	35	27	0
BulkTP1	0	0	0	0	0	0	45	0	22	0	0	0	0	4	3	71	0	1	2	11	3	2	0	15	8	8	13	1	0	0	4	9	1	0	0	1	16	0	0	9	0	1	0	1	0	2	0	0	0	0	1	0	24	34	0	204	0	0	5	0	4	0	0	0	33	0	4	23	1	0	267	79	0	0	259	0	20	29	1	0	0	0	23	3	1	9	0	0	0	0	1	0	22	2	441	0	9	7	0	0	0	0	6	0	6	0	0	5	0	138	78	2	0	0	0	0	9	12	0	8	1	0	1	0	0	0	1	232	0	611	1	11	10	11	4	0	13	1	0	17	0	0	0	0	3	0	0	1	0	5	0	13	1	14	0	0	1	0	18	0	159	0	64	3	25	0	0	0	12	0	0	0	0	25	0	0	0	9	0	1	6	1	0	0	6	0	0	1	0	11	0	2	5	0	1	0	2	0	2	13	0	21	0	0	0	9	0	6	8	0	0	0	0	0	0	3	0	0	0	0	0	1	2	0	1	0	0	1	5	0	0	0	302	1	0	2	1	0	13	12	5	56	0	0	0	0	0	10	0	0	0	0	0	0	0	10220	7	68	215	2	21	1	1	0	18	37	0	0	1	1	1	676	12	156	0	16	0	5	1276	95	34	0	159	3	4	33	639	382	1180	1735	2971	351	8	2	0	0	0	0	7	0	0	0	0	0	7	1	1	0	1	0	0	0	0	0	0	1	0	0	0	0	28	0	33	4	294	0	0	3	0	3	0	0	3	6	0	37	4	0	0	1	2	0	0	0	0	20	0	0	159	16	201	0	0	33	0	0	0	156	32	3	0	0	76	0	0	0	170	0	0	38	0	0	0	0	0	0	0	3	0	0	3	3	2	0	2	0	13	0	0	70	0	49	0	1	0	56	0	29	0	0	79	3	0	7	0	24	2	1	0	0	0	2204	0	0	1	0	0	0	0	0	0	0	0	0	0	3	0	0	2	52	4	1	47	0	2	0	0	2	2	0	0	18	13	130	0	3	2	2	129	0	0	0	0	5	0	0	0	4	0	0	2	500	3	718	1	39	121	0	15	1	2	0	0	1	0	0	2	0	2	0	27	0	0	15	0	0	70	0	0	1	271	0	125	2	5	0	0	0	0	0	20	0	0	2	0	3	0	1	30	0	0	3	4	1409	0	0	12	0	8	8	20	1	51	1	6	0	0	0	0	71	0	25	1	0	0	0	4	5	11	4	0	0	43	0	0	2	0	1	81	0	0	0	1	0	0	0	1	1	1	0	0	0	11	1	30	0	0	0	3	0	0	0	7	0	0	0	0	0	8	0	59	0	0	18	29	2	11	0	14	1	22	0	0	0	16	0	0	2	0	0	0	0	25	4	0	6	0	2	0	0	0	0	7	0	0	26	0	18	0	137	16	2	0	2	0	0	0	4	1	6	0	0	0	0	4	68	4	3	67	0	7	6	0	0	0	0	5	7	0	112	7	0	0	6355	20	2	0	1	1	95	0	4	0	0	0	11	0	1	0	0	4	0	9	11	0	1	0	0	0	0	2	17	4	24	172	1	0	574	0	1	3	0	1	0	4	0	1	0	0	3	0	90	5	3	1	443	2	0	0	0	0	0	14	0	0	0	10	6	355	0	0	1	0	0	110	0	0	0	0	0	349	0	13	86	16	679	1123	1806	927	260	18456	8886	10305	2	38	19385	221	3	0	697	699	9952	978	2	0	210	0	0	57	1189	0	1	870	0	9	18	375	11	17	0	31	3	0	214	188	0	1	412	106	0	5	52	37	300	0	349	1	59	3	1	0	2	3	0	44	10	32	1	0	0	802	0	1	1	4	0	20	0	0	0	0	3	0	8	0	1839	0	26	21	1498	1	7	2	0	0	674	243	223	1	0	299	28	208	7	0	0	0	0	0	0	0	3	7	4	0	12	32	2061	1	31	9	1388	4	1	0	0	13	473	1	3	2	196	180	87	272	4	0	48	37	49	5228	25	19	197	143	1	1	105	6359	3	1	61	19	24050	33	14	2138	9	377	438	0	196	5	145	0	193	1724	5	13	6	580	120	0	0	2	187	182	123	12	2	0	0	65	0	3	22	2	1	46	2312	27	0	4	6	855	57	0	23	2	5	2	0	1	0	0	0	0	2	19	404	27	0	0	0	0	1	1	0	0	0	0	0	17	0	0
BulkTP2	1	0	0	4	0	0	38	0	32	0	0	0	0	2	2	55	0	1	2	8	2	1	0	10	8	12	22	1	0	0	5	13	0	0	0	2	12	0	0	8	0	1	0	3	0	0	0	0	0	1	1	1	22	21	0	150	0	0	1	1	7	0	0	1	28	0	3	14	1	0	237	84	0	0	249	0	10	19	1	0	0	0	39	2	0	6	0	0	0	0	2	0	15	2	449	0	4	7	0	0	0	1	6	0	2	0	0	8	0	149	70	0	0	0	0	0	16	10	0	9	0	0	0	0	0	1	0	293	0	668	3	3	17	16	1	0	6	1	1	17	0	0	0	1	4	1	0	1	2	5	0	10	0	13	2	0	0	0	8	0	81	0	83	1	18	0	0	0	10	0	0	0	0	27	0	0	0	12	1	1	1	1	0	0	0	0	0	0	0	11	0	0	3	0	3	0	3	0	0	5	0	10	0	0	0	7	0	3	7	1	0	0	0	0	0	2	0	0	0	1	0	1	0	0	0	0	0	1	3	0	0	1	290	2	0	5	2	0	6	7	4	50	0	0	0	3	0	11	1	0	0	0	0	0	0	9410	15	79	183	2	29	1	0	0	26	32	0	0	1	1	1	579	7	136	0	10	0	8	1251	90	40	0	155	3	2	34	763	367	1334	1873	3165	331	8	0	0	0	0	0	3	0	0	0	0	0	21	0	0	0	1	0	0	0	1	0	0	0	0	0	1	0	35	0	28	3	247	0	0	4	0	5	0	0	3	6	0	55	9	1	1	1	0	0	0	0	0	41	0	0	158	10	194	0	0	36	1	0	2	142	23	1	0	0	93	0	0	0	215	0	1	38	0	0	0	0	0	2	0	1	1	0	4	8	3	0	4	0	9	0	0	50	0	72	0	0	0	60	0	23	0	1	105	0	0	1	0	3	0	0	0	1	0	2370	0	0	1	0	0	1	0	0	0	0	1	0	0	9	0	0	2	52	3	0	52	0	1	0	0	0	1	0	0	17	35	95	2	1	0	2	109	0	2	0	0	5	0	0	0	12	0	0	4	532	5	823	0	35	95	0	10	0	2	1	0	0	0	0	1	0	0	0	29	0	0	21	0	0	67	0	0	0	254	2	133	2	2	0	0	0	0	0	26	0	0	3	0	1	0	0	35	0	1	7	3	1354	0	0	4	0	8	6	33	0	50	3	7	0	0	0	0	98	0	28	0	0	0	0	0	2	9	2	0	0	33	0	0	0	0	0	77	0	0	0	0	1	0	0	2	0	0	0	0	0	6	3	33	0	0	0	1	0	0	0	6	0	0	1	0	0	12	1	37	0	12	20	21	6	12	0	2	0	24	0	0	0	10	0	0	0	0	0	3	0	12	0	0	7	0	3	0	0	0	0	7	0	0	24	1	8	0	167	11	2	0	0	1	0	0	9	0	4	2	0	0	0	3	61	2	3	67	0	2	5	0	0	0	0	3	9	0	78	7	0	0	7311	16	1	0	1	0	93	0	1	0	0	0	5	0	0	0	4	3	0	6	12	0	1	0	0	0	0	5	8	5	25	137	3	16	589	0	0	1	0	0	1	3	0	0	0	0	4	0	124	1	4	0	567	5	1	0	0	0	0	7	0	0	0	3	4	273	2	0	2	0	1	103	1	0	0	0	0	300	0	16	84	9	576	1250	2149	871	290	17420	8012	10413	4	62	20886	168	2	0	849	755	10692	1048	1	0	236	0	2	71	1065	0	0	930	0	7	17	295	12	19	0	37	8	0	215	232	0	0	391	104	0	2	43	35	212	0	287	1	80	4	4	0	1	0	0	28	10	39	0	0	0	769	0	0	0	3	0	18	0	1	0	2	3	0	8	0	1856	0	41	21	1552	3	11	4	0	0	728	229	206	0	2	370	32	180	3	0	0	0	0	0	0	0	3	9	3	0	10	62	2212	4	21	6	1336	5	1	0	0	10	432	0	5	3	171	170	78	343	3	1	16	46	41	5139	42	19	138	146	0	3	130	6792	4	0	66	27	24394	41	16	2161	6	383	481	1	177	4	133	0	207	1903	10	19	4	629	126	0	1	1	195	189	126	7	0	0	0	63	1	2	28	2	3	43	2783	16	0	2	10	945	66	0	12	3	7	2	0	1	0	0	0	0	0	17	370	20	0	0	0	0	0	1	0	0	0	0	0	40	3	0
BulkTP3	0	1	0	0	1	0	17	0	32	0	0	1	0	1	1	45	0	4	6	12	1	0	0	10	7	5	8	0	0	0	6	12	4	0	0	2	15	0	0	7	0	1	0	0	0	0	0	0	0	0	1	0	17	18	0	84	1	0	4	0	1	0	0	0	7	2	1	5	0	0	216	87	0	0	206	0	10	27	0	0	1	1	14	5	0	1	0	0	0	0	0	0	13	0	191	1	7	6	0	0	0	0	2	1	6	0	0	5	0	157	37	0	0	0	0	1	5	9	0	10	0	0	0	0	0	0	0	210	0	447	1	3	11	8	1	0	3	0	0	2	0	0	0	0	2	0	0	3	1	1	0	5	0	9	0	0	1	0	10	0	59	0	40	0	23	0	0	0	6	0	0	1	0	10	0	0	0	9	0	0	1	0	1	0	0	0	0	0	0	2	0	0	4	0	1	0	2	0	0	10	0	9	0	0	0	4	0	2	3	0	0	0	0	0	0	1	0	0	1	1	0	0	0	0	1	0	0	0	3	0	0	1	181	0	0	1	2	0	21	6	2	134	0	0	0	0	0	0	2	0	0	0	0	0	0	9579	7	74	180	0	13	2	0	0	11	18	0	0	0	0	1	482	5	81	1	14	0	5	1299	71	42	0	104	1	1	26	563	240	928	1188	2414	306	6	0	0	0	0	0	5	0	0	0	0	0	10	0	3	0	1	0	1	0	0	0	0	0	0	0	0	0	19	0	23	3	334	0	0	3	0	4	0	0	0	3	0	46	1	0	0	0	1	0	0	0	0	19	0	0	133	14	155	0	0	27	0	0	1	114	33	0	0	0	66	0	0	0	174	0	0	25	1	0	0	0	0	1	0	0	0	2	0	1	1	0	0	2	15	0	0	39	0	42	0	0	0	40	0	1	0	0	69	0	0	2	0	5	1	0	0	1	0	2209	0	0	1	0	0	0	0	0	0	0	1	0	0	3	0	1	3	51	6	0	38	0	1	0	0	1	1	0	0	9	15	87	1	0	1	1	64	0	1	0	1	3	0	0	0	11	0	0	4	403	2	598	0	28	109	0	8	0	2	0	0	1	0	0	0	4	0	1	18	0	1	0	0	0	38	0	0	0	138	0	90	1	1	0	0	0	0	0	18	0	0	0	0	2	0	0	19	1	0	1	1	931	0	0	0	0	4	6	30	1	34	7	4	1	0	0	0	56	0	21	1	1	1	1	2	8	7	1	0	0	10	0	0	2	0	0	83	1	0	0	1	0	0	0	1	2	0	0	1	0	5	0	27	0	0	0	0	0	0	0	5	0	0	1	0	1	11	0	42	0	0	8	13	2	5	0	2	0	16	0	0	1	12	1	2	0	0	0	0	0	11	0	0	7	0	2	1	0	0	0	7	0	0	19	1	6	0	80	5	4	0	1	0	0	0	7	0	5	0	0	0	0	0	30	0	2	68	0	1	3	0	0	0	0	7	3	0	86	10	0	0	6541	15	2	0	2	0	52	0	0	0	0	0	4	0	0	0	0	1	0	7	4	0	0	0	0	0	1	1	14	4	14	125	1	2	461	0	0	2	0	0	0	1	0	2	0	0	1	0	121	1	1	0	736	4	0	0	0	0	0	2	0	0	0	3	4	301	0	0	4	1	0	77	1	0	0	0	0	78	0	7	80	13	617	811	1549	663	205	17319	8066	8518	1	5	17560	90	3	0	378	357	4884	586	7	0	318	0	0	58	999	0	0	768	0	10	11	270	15	11	0	17	1	0	199	124	0	1	283	62	0	1	50	18	126	0	167	1	60	2	2	1	0	0	0	31	12	32	0	0	0	566	0	0	1	1	1	12	0	0	0	0	3	0	2	0	1070	0	73	41	1121	0	12	5	0	0	507	240	229	0	1	234	19	146	6	0	0	0	0	0	0	0	3	10	5	0	7	22	1623	0	19	13	1138	1	1	0	0	15	401	1	0	0	47	115	57	210	0	0	34	45	39	4172	37	13	105	115	0	1	111	5615	1	0	69	16	21287	32	17	1894	6	319	452	0	96	1	136	0	188	1675	7	11	3	493	96	0	0	3	149	148	93	3	0	0	0	37	0	1	17	1	2	24	2486	15	0	0	6	744	30	0	16	2	9	0	0	2	0	1	0	0	2	42	368	22	0	0	0	0	0	0	0	0	0	0	0	22	1	0
RAG1	0	0	0	0	0	0	217	0	108	0	2	3	0	0	0	177	1	0	10	35	71	0	0	1	9	0	3	0	0	0	0	16	0	0	0	0	0	0	0	85	1	0	0	0	0	10	7	0	0	0	53	0	17	10	0	424	0	0	14	0	1	0	0	0	3	0	6	0	0	5	96	21	0	0	336	3	0	660	0	0	65	8	33	1	0	19	0	0	14	0	7	0	22	48	865	2	2	195	0	9	6	0	79	0	101	0	0	9	0	221	134	0	3	0	0	7	165	8	2	5	0	0	0	0	0	0	1	1184	0	1537	0	6	0	127	10	2	0	0	0	0	0	1	0	1	32	0	8	0	2	12	5	6	0	1	0	0	0	0	4	1	66	5	174	40	50	0	0	0	1	2	0	0	3	7	0	0	1	38	0	0	0	0	0	0	22	0	0	0	0	0	0	0	1	0	0	0	40	0	1	7	0	0	1	0	29	12	0	30	6	0	1	0	1	0	0	0	0	1	1	0	0	0	1	41	0	1	0	0	0	0	0	3	160	71	0	1	43	0	0	86	39	0	0	0	0	2	0	28	0	0	10	1	0	0	0	6151	7	225	1388	0	3	83	0	4	1	1	1	2	0	0	0	5414	132	0	3	64	0	11	401	22	0	0	281	0	0	0	20	3132	920	267	1362	537	0	33	0	31	4	49	0	9	0	0	0	0	0	2	0	0	0	0	0	0	3	3	0	1	0	0	0	0	0	0	151	25	88	0	0	7	0	11	4	0	8	2	1	500	2	0	0	5	375	0	0	0	0	28	0	1	174	44	56	0	0	227	0	12	3	338	57	0	0	0	35	0	0	1	17	0	3	22	12	0	0	0	1	0	0	0	0	0	6	0	0	1	0	0	0	0	0	112	1	1	1	0	0	92	0	38	0	0	74	0	0	0	1	0	0	0	0	90	0	220	0	0	3	0	0	0	0	1	0	0	2	1	0	0	0	2	20	22	2	0	267	0	13	3	0	0	33	0	36	56	19	292	1	9	12	4	46	0	3	0	0	111	10	0	0	9	62	0	0	837	11	1271	3	42	133	0	19	24	110	1	0	5	0	0	13	6	0	0	169	0	0	9	0	0	2	0	0	0	232	0	398	0	3	1	0	0	0	0	16	0	5	6	0	10	0	0	47	7	6	23	1	87	0	1	5	1	45	8	170	1	62	1	0	0	0	0	0	246	0	9	5	0	0	1	11	2	1	8	0	3	0	0	0	0	1	1	14	0	3	0	0	1	0	0	0	1	0	1	0	0	8	0	84	0	2	0	0	0	0	0	33	1	0	1	0	5	138	2	252	0	0	148	2	8	108	4	1	0	0	5	0	0	0	22	1	0	0	0	0	0	1	0	0	20	13	57	9	5	0	22	76	1	0	155	0	7	0	1010	0	0	1	1	0	0	3	4	7	42	0	0	22	0	0	132	8	0	70	0	189	2	0	5	0	0	18	1	4	470	0	0	0	2134	52	43	0	3	0	297	0	8	0	0	25	0	27	0	6	2	0	0	2	377	0	0	0	0	0	8	0	19	3	70	127	44	39	727	0	5	0	0	0	3	16	0	2	0	0	1	0	142	175	0	15	47	23	0	0	1	0	0	0	0	0	0	0	1	98	0	0	0	0	0	767	1	1	0	0	31	533	0	9	1765	3	1012	1414	9270	5088	1238	11881	4214	20113	1	75	10917	44	66	1	810	1732	15153	2412	4	1	595	0	8	51	2097	0	8	1251	0	5	110	942	28	23	0	112	28	3	2046	78	5	1	1093	345	11	0	3	20	154	0	126	0	474	1	1	1	22	381	46	112	65	99	1	0	3	320	0	0	0	0	0	11	0	0	0	1	6	0	86	0	3304	0	16	13	1183	0	270	0	0	0	174	156	1136	0	29	1856	146	40	2	0	0	2	0	1	0	0	16	0	34	14	154	436	1637	0	57	13	1399	0	0	0	0	7	527	2	11	3	267	538	267	197	0	1	10	3	21	4586	18	15	740	160	0	17	69	5539	0	1	257	65	8121	58	4	140	9	255	1270	0	28	0	52	0	1829	668	49	99	18	4411	685	0	0	3	310	390	147	0	0	1	0	36	0	6	43	1	2	16	981	63	0	6	7	255	24	0	102	81	11	6	2	7	5	5	0	0	0	39	1375	1291	0	0	0	0	0	0	1	0	0	1	0	67	12	2
RAG10	0	0	0	3	2	0	171	2	80	0	0	3	0	0	0	118	0	0	3	24	55	0	4	0	12	1	2	1	3	0	0	8	0	0	0	1	1	0	0	84	1	0	1	0	0	6	4	0	0	1	42	0	18	3	0	461	0	0	3	0	0	0	0	0	4	0	8	0	0	2	63	40	0	0	304	0	0	476	0	8	46	21	19	0	0	57	0	0	8	0	8	0	19	52	540	3	1	127	0	13	4	0	47	0	69	3	4	13	0	206	142	1	1	1	0	2	194	5	1	2	0	0	0	0	0	0	0	1147	0	1500	1	7	0	89	18	0	0	0	0	0	0	0	0	4	38	0	6	0	1	35	14	9	0	1	0	0	0	0	5	0	52	9	149	28	60	0	0	1	0	2	0	0	0	11	0	2	0	43	0	0	0	0	0	0	42	0	0	0	0	1	0	0	0	0	0	0	41	0	0	10	0	0	3	0	15	16	0	32	5	0	0	0	0	0	0	0	0	1	0	0	0	0	0	31	0	0	0	0	0	0	0	4	103	48	0	0	31	0	0	61	39	0	2	0	0	1	0	22	1	0	9	0	0	0	2	5910	9	142	946	0	4	70	0	8	0	6	1	1	0	3	0	4133	59	2	0	54	0	8	336	20	1	1	220	0	0	0	14	2571	621	171	1324	485	0	25	0	16	0	9	1	8	1	0	0	0	4	11	0	0	0	1	0	0	3	7	0	0	0	0	1	0	0	0	195	24	63	0	0	1	0	8	0	0	8	2	0	406	3	0	0	10	333	2	0	0	0	15	0	0	131	37	54	0	0	200	0	10	4	230	54	0	0	0	44	0	0	13	9	0	2	31	7	0	0	0	0	0	0	1	0	0	0	0	1	0	0	0	10	0	0	51	0	1	1	0	0	77	0	37	0	0	103	0	0	0	1	2	0	0	0	74	1	181	0	0	4	0	0	0	0	1	0	0	4	3	0	1	1	2	11	25	1	0	283	0	12	25	2	0	33	0	26	98	9	252	0	11	19	6	38	1	1	0	0	190	12	0	0	20	60	0	0	2526	10	1104	1	30	82	0	9	36	64	0	0	4	2	0	21	8	1	0	111	0	0	4	0	0	1	0	0	3	133	0	283	0	2	1	0	0	0	0	25	0	2	3	0	7	0	0	43	4	3	16	1	73	1	13	5	0	19	19	235	0	48	1	0	0	0	0	0	226	1	4	13	0	0	0	5	5	2	12	0	3	0	1	0	0	2	2	8	0	2	0	0	1	0	0	0	0	7	0	0	0	3	0	43	0	0	0	0	0	1	0	23	0	0	0	2	21	154	2	164	0	0	214	0	6	106	2	0	0	1	3	0	0	2	17	0	1	1	0	0	0	2	0	0	11	5	47	4	5	0	21	51	0	0	111	0	5	0	1174	0	0	0	2	5	1	7	4	5	37	0	1	9	0	0	76	7	0	65	1	271	3	0	5	0	0	17	0	2	373	0	0	0	1942	33	32	2	0	0	205	0	4	1	0	50	0	16	0	3	1	0	0	0	237	0	0	1	0	1	4	1	27	0	55	79	186	29	678	0	3	0	0	0	0	10	0	0	1	0	4	1	141	133	2	10	52	11	0	1	0	0	0	0	0	1	0	0	5	59	0	0	0	0	0	762	1	0	0	0	7	500	0	5	1731	2	920	1121	8184	4699	825	12071	4137	19115	5	73	10419	35	51	0	572	1449	12201	1833	3	1	560	0	4	28	2134	0	3	1431	0	1	128	974	30	16	0	161	38	1	1865	40	6	0	986	276	9	0	3	17	129	0	99	1	553	0	0	4	18	197	23	81	94	149	6	1	4	302	0	0	0	0	0	8	0	0	5	3	7	0	140	0	2651	0	13	7	1259	0	221	0	0	1	188	178	817	0	33	1639	112	38	3	0	0	0	0	0	0	0	12	0	29	2	160	384	1367	0	53	7	1124	5	1	0	0	8	392	3	2	2	336	462	211	173	0	0	3	5	35	4557	21	20	586	208	0	15	104	5509	1	0	195	105	7916	59	8	112	12	261	1216	0	22	0	29	0	1717	631	53	171	20	3817	544	0	0	0	232	391	166	0	0	0	1	25	0	6	27	3	5	14	893	44	0	24	5	311	30	0	123	24	12	5	1	2	7	0	0	0	1	40	1315	1264	0	0	0	0	1	0	0	1	0	0	0	68	26	0
RAG11	0	0	0	0	0	0	118	0	14	0	0	0	0	0	0	10	0	0	1	0	10	0	0	0	3	0	0	0	1	0	1	2	0	0	0	0	0	0	0	25	0	0	0	0	0	2	0	0	0	0	1	0	6	6	0	121	0	0	0	0	0	0	0	0	1	0	0	0	0	0	27	10	0	0	51	0	0	154	0	0	6	5	1	0	3	11	0	0	0	0	0	0	0	45	115	1	0	50	0	0	0	0	29	0	10	0	0	3	0	9	44	1	2	0	0	2	4	1	0	0	0	0	0	0	0	0	0	607	0	811	0	2	0	8	6	0	0	0	0	0	1	0	0	1	1	0	7	0	0	7	4	2	0	0	0	0	0	0	2	0	9	1	62	37	14	0	0	0	0	1	0	0	0	0	0	0	0	3	0	0	0	0	0	0	9	0	0	0	0	0	0	0	0	0	0	0	3	0	0	2	0	0	0	0	3	0	0	18	0	0	0	0	0	0	0	0	0	0	0	0	0	0	0	19	0	0	0	0	0	0	0	0	20	16	1	0	19	0	0	10	14	0	0	0	0	0	0	13	0	1	0	0	0	0	0	1072	4	18	135	0	0	5	0	0	0	0	0	0	0	0	0	600	2	0	0	7	0	4	22	1	1	0	33	0	0	0	5	575	129	18	185	75	0	11	0	5	0	28	0	1	0	0	0	0	2	1	0	0	0	0	0	0	0	1	0	1	0	0	0	1	0	0	30	0	12	0	0	2	0	1	0	0	1	0	0	176	2	0	0	0	57	0	0	0	0	1	0	0	18	22	11	0	0	42	0	1	0	113	7	0	0	1	9	0	0	2	2	0	0	9	0	0	0	0	0	0	0	0	0	0	0	0	0	0	0	0	0	0	0	12	0	0	0	0	0	2	0	1	0	0	3	0	0	0	0	0	0	0	0	5	0	72	0	0	0	0	0	0	0	1	0	0	1	0	0	0	0	0	0	0	0	0	34	0	5	0	0	0	3	0	14	3	4	4	0	0	1	0	14	0	0	0	0	14	6	0	0	7	11	0	0	194	0	549	0	0	7	0	0	0	0	0	0	1	0	0	13	3	0	0	19	0	0	5	0	0	2	0	0	0	54	0	44	0	3	0	0	0	0	0	11	0	0	2	0	8	0	0	9	0	3	14	0	15	0	0	0	0	22	2	80	0	4	0	0	0	0	0	0	28	0	3	1	0	0	0	1	0	0	0	0	2	0	0	0	0	0	0	4	0	1	0	0	3	0	0	0	0	1	0	0	0	0	0	3	0	0	0	0	1	0	1	17	0	0	0	1	5	4	0	33	0	1	5	0	3	33	9	0	0	0	3	0	0	0	3	0	0	0	0	1	0	0	0	0	2	2	16	0	4	0	10	6	0	0	7	0	0	0	189	0	0	0	0	0	1	1	0	3	3	0	0	3	0	0	34	1	0	2	2	51	0	0	0	0	0	3	0	0	40	0	0	0	384	2	1	0	0	0	7	0	0	0	0	1	0	2	0	0	0	0	0	0	61	0	0	0	0	0	1	0	2	0	5	3	23	1	56	0	0	0	0	0	0	1	0	0	0	0	0	0	65	7	2	0	9	1	0	0	0	0	0	0	0	0	0	0	1	6	0	0	0	0	0	165	0	0	1	0	2	94	0	4	505	1	159	399	4343	2065	328	4061	1373	8390	0	7	4543	6	20	0	138	978	6799	1244	1	0	244	0	3	5	367	0	1	366	0	2	6	158	4	2	0	67	16	0	485	52	0	0	182	51	6	0	1	7	25	0	49	0	63	2	0	1	3	237	28	34	18	46	3	0	1	90	0	0	0	0	0	0	0	0	20	0	0	0	4	0	1806	0	7	9	376	0	26	0	0	0	49	30	160	0	11	421	12	17	2	0	0	0	0	0	0	0	2	0	3	1	45	82	496	0	3	2	366	0	0	0	0	1	40	0	0	1	44	177	49	83	0	0	5	1	5	568	6	5	319	66	0	4	26	2127	0	0	28	14	2106	27	9	39	2	35	270	0	7	1	15	0	313	281	9	44	7	824	215	0	0	0	15	101	41	0	0	0	0	17	0	2	3	0	5	6	438	10	0	3	1	35	3	0	52	8	0	5	0	0	0	0	0	0	2	20	217	443	0	0	0	0	0	0	0	0	0	0	0	24	2	0
RAG12	0	0	0	2	0	0	167	1	49	0	0	0	0	0	0	74	0	0	4	11	47	0	0	0	13	0	1	0	2	0	0	12	0	0	0	2	0	0	0	46	0	0	0	1	0	6	0	0	0	1	15	0	12	6	0	283	0	0	4	0	1	0	0	0	5	0	3	0	0	18	134	33	0	0	190	1	0	350	0	3	34	12	7	2	0	9	2	0	3	0	1	0	7	111	523	1	2	71	0	4	3	1	41	0	47	2	0	12	0	75	131	13	19	0	0	2	58	3	4	2	0	0	0	0	0	0	0	966	0	1101	1	9	0	79	6	0	0	0	0	0	0	0	0	1	18	0	21	1	1	20	20	3	0	1	1	0	1	1	0	0	39	2	132	31	24	1	0	0	3	1	0	0	0	1	2	0	0	43	0	0	0	0	0	0	2	0	0	0	1	3	0	0	0	0	0	0	11	0	0	9	0	0	1	0	14	4	0	6	6	0	0	0	0	0	0	0	0	0	0	0	0	0	0	29	0	0	0	0	0	0	0	0	75	39	0	0	43	0	0	44	32	0	0	0	0	1	0	33	0	0	10	2	0	0	0	3488	27	108	520	0	0	27	0	2	0	4	1	0	0	1	0	3348	31	2	1	46	0	4	168	13	2	0	168	0	0	0	10	1866	408	176	652	281	0	36	0	29	2	17	1	5	0	0	0	0	2	5	0	0	0	1	0	1	3	0	0	0	0	0	0	0	0	0	72	18	58	0	0	4	0	2	0	0	8	0	0	325	2	0	0	2	187	0	0	0	0	5	0	0	132	22	21	0	0	151	1	0	1	229	19	0	0	1	95	0	0	2	5	0	1	33	1	0	0	0	0	0	0	1	52	0	1	0	1	0	0	0	22	0	0	40	0	0	0	0	0	27	0	15	0	0	30	0	0	0	0	0	0	0	0	35	0	160	0	0	2	0	0	0	0	2	0	0	2	48	0	0	0	1	10	17	6	0	117	0	12	1	0	0	6	0	15	28	7	103	0	3	4	2	37	2	0	0	0	100	3	0	0	14	35	0	0	2266	6	883	0	14	28	0	3	11	25	1	0	3	0	0	35	8	2	0	86	1	0	8	0	0	2	0	0	2	145	0	248	0	2	0	1	0	0	0	23	0	2	1	0	2	0	0	49	1	2	20	0	47	0	24	7	0	15	5	110	1	21	2	0	0	0	0	0	196	0	5	5	0	0	0	2	4	2	5	0	4	0	0	0	4	3	0	19	0	2	0	0	1	1	0	0	0	1	0	0	0	0	1	15	0	0	0	0	0	0	1	25	0	1	0	0	29	77	2	132	0	0	71	0	5	72	3	0	0	0	10	0	0	0	7	1	1	0	0	0	0	0	1	0	9	6	84	3	4	0	10	44	1	0	60	0	1	0	742	0	0	0	3	2	0	3	11	2	30	0	1	11	0	0	115	3	0	33	1	93	0	0	4	0	0	8	0	2	193	0	0	0	1644	19	22	0	1	0	122	1	5	0	1	8	1	13	0	5	1	0	0	1	186	0	0	0	0	1	7	0	31	0	31	43	66	15	570	0	0	0	0	0	1	7	0	0	0	0	2	1	80	51	5	2	34	7	0	0	0	0	0	0	0	1	0	0	1	30	0	0	0	0	0	673	4	1	0	0	5	554	0	9	1048	2	539	893	8017	3809	648	7880	2801	12728	4	42	7541	47	38	1	488	1294	11357	1914	3	0	415	0	4	14	1284	0	5	787	0	1	61	547	14	15	0	78	20	1	1207	68	4	0	680	158	47	0	0	23	121	0	101	0	294	1	1	2	3	252	42	44	44	121	4	0	1	274	0	0	0	0	0	11	0	0	2	0	3	0	70	0	2731	0	9	9	1021	0	100	0	0	0	125	100	443	0	22	1453	73	41	2	0	0	0	0	0	0	0	8	0	7	4	109	149	1403	0	27	14	920	0	0	0	0	2	234	0	8	1	162	439	160	229	1	0	2	2	8	2832	18	13	532	116	0	8	65	4012	3	0	118	45	4765	35	10	79	5	209	877	0	12	0	57	1	1031	678	29	70	17	2640	431	0	0	2	113	315	194	0	0	0	0	27	0	4	28	1	7	14	1032	43	0	19	5	146	12	0	165	17	3	2	1	0	4	3	0	0	2	22	1070	1053	0	0	0	0	1	0	1	0	0	0	0	46	10	0
RAG2	0	0	0	38	0	0	227	0	102	0	0	2	0	0	0	93	1	0	9	16	46	0	2	0	6	0	0	0	0	0	0	8	0	0	0	1	0	0	0	47	0	0	1	0	0	9	1	0	0	0	47	0	8	9	1	475	0	1	4	0	1	0	0	0	1	0	5	0	0	0	116	29	0	0	237	0	1	393	0	0	40	3	23	1	0	36	1	0	12	0	17	0	8	29	753	0	1	140	0	6	1	1	47	0	61	0	2	14	0	161	106	0	1	0	0	5	109	0	5	2	0	0	0	0	0	0	0	1032	0	1306	0	1	0	77	8	0	0	0	0	0	0	0	0	0	36	0	17	0	5427	46	7	7	0	1	0	0	0	0	3	0	56	3	151	29	46	1	1	0	2	4	0	0	1	77	0	0	0	31	0	0	0	0	0	0	5	0	0	0	0	0	0	0	0	0	0	0	26	0	0	13	1	0	0	0	190	19	0	31	5	0	1	4	0	0	0	0	0	0	0	0	0	0	0	23	0	6	0	0	0	0	0	1	151	45	7	0	48	0	1	56	17	4	0	0	0	1	0	27	1	0	1	0	0	0	1	5558	12	188	994	0	7	45	0	4	0	7	0	2	0	0	0	5150	41	3	2	56	0	17	349	23	3	0	247	0	0	0	21	2758	644	251	1286	476	0	34	0	13	0	14	0	9	0	2	0	0	1	90	0	0	0	0	60	0	2	1	0	4	0	0	0	0	0	0	140	11	78	0	0	1	0	9	1	1	4	1	1	383	1	0	0	2	327	1	0	0	0	33	0	0	237	41	54	0	0	233	0	9	12	280	46	0	0	4	53	0	2	4	18	0	12	32	10	0	0	0	0	0	0	0	0	0	1	1	1	0	0	0	226	0	0	55	0	2	0	0	0	50	1	85	0	0	45	0	0	0	0	3	0	0	0	54	0	201	0	0	0	0	0	0	0	2	0	0	2	3	0	0	0	4	12	16	0	0	187	0	8	37	0	0	15	0	16	57	8	201	1	4	13	9	40	1	0	0	1	74	3	0	0	14	66	0	0	873	8	1085	2	25	59	0	13	13	109	1	0	2	1	0	19	4	1	0	169	0	0	5	0	0	1	0	0	1	155	0	322	0	3	0	0	0	0	0	14	3	3	1	1	18	0	1	55	0	12	25	0	75	0	0	2	0	15	11	109	1	30	0	0	0	0	0	0	275	0	7	1	0	0	0	6	3	1	5	0	3	0	1	0	2	0	0	9	1	2	0	0	2	0	0	0	0	2	0	0	0	5	0	45	0	48	0	0	0	0	0	19	0	0	1	1	16	122	0	202	0	0	1015	0	8	84	1	2	0	0	2	2	0	0	8	1	2	1	0	0	0	3	0	0	13	7	119	3	3	0	22	56	4	0	158	0	6	0	1187	0	0	0	4	0	0	1	3	4	30	0	2	10	0	0	105	6	0	66	0	143	0	0	3	0	0	11	0	0	354	0	0	0	2099	40	26	1	2	0	173	0	2	0	0	18	1	15	0	1	0	0	0	2	229	0	0	0	0	0	8	0	37	3	38	77	586	34	756	0	2	0	0	0	1	4	0	0	0	1	1	1	89	104	2	9	26	8	0	0	0	0	0	0	0	1	0	0	5	73	0	0	0	0	0	768	1	0	0	0	10	426	0	5	1318	1	1095	1324	8911	4429	883	10896	3794	14821	46	74	10737	47	58	0	725	2332	14035	2140	3	0	1332	1	7	18	2208	0	1	1101	0	5	122	1317	37	16	0	92	26	1	1305	63	6	1	942	214	20	0	2	11	124	0	63	0	2139	0	3	0	12	180	22	59	141	176	1	0	0	310	0	0	0	0	0	9	0	0	40	0	0	0	229	0	2801	0	5468	71	1285	2	161	0	0	0	169	161	621	0	15	1629	169	40	2	0	0	0	0	0	0	0	7	0	15	9	117	257	1416	0	47	9	1365	4	2	0	0	10	292	0	8	1	709	434	185	199	0	0	7	3	14	4379	28	22	557	260	0	8	42	6071	1	1	210	332	9418	101	23	100	14	243	1126	1	20	1	39	0	1542	739	41	94	10	2676	434	0	0	0	213	300	166	0	0	0	1	45	0	10	33	1	4	13	1067	251	0	22	7	206	30	0	83	24	134	2	2	1	6	5	0	0	1	25	1142	1006	0	0	0	0	1	0	1	0	1	0	0	64	17	0
RAG3	0	0	0	0	0	1	206	2	74	0	3	5	0	24	1	147	0	0	17	15	75	0	3	0	10	2	2	0	2	0	0	9	0	0	0	2	0	0	0	69	4	0	0	0	0	14	4	1	0	2	37	0	24	5	0	347	0	0	7	0	2	1	1	0	5	0	3	0	0	1	131	26	0	0	331	2	0	473	0	0	43	5	25	1	0	17	1	0	5	0	5	0	9	57	766	4	2	199	0	8	1	0	72	0	87	1	1	24	0	235	116	0	12	0	0	16	240	3	8	2	0	0	0	0	1	0	0	1051	0	1496	0	7	0	99	15	1	0	0	1	1	0	0	1	6	47	0	11	0	5	20	7	9	0	1	0	2	0	1	11	0	66	4	186	34	49	0	0	0	1	1	0	0	2	9	0	0	0	25	0	0	0	0	0	0	14	1	0	0	0	0	0	0	1	0	0	0	40	0	0	17	0	0	4	0	68	25	0	38	4	0	0	0	1	0	0	0	0	1	0	0	0	0	0	32	0	1	0	1	0	0	0	2	136	46	0	0	53	0	3	36	37	1	1	0	0	4	0	39	2	0	19	0	0	0	0	5645	9	221	1072	0	3	61	0	8	0	6	0	4	0	0	2	5355	67	2	1	48	0	7	397	25	3	0	279	1	0	1	24	2932	643	248	1160	467	0	32	1	23	3	15	0	16	0	3	0	0	5	12	0	0	1	2	0	0	3	4	0	1	3	0	1	0	5	0	270	34	62	0	0	18	0	9	3	0	7	1	1	451	1	0	2	3	334	1	0	0	0	36	1	1	180	41	81	0	0	237	1	16	9	308	45	0	0	1	70	1	0	17	7	0	3	44	15	0	0	0	0	0	0	0	0	0	2	2	2	2	0	0	3	0	0	62	1	0	0	0	0	67	0	64	0	0	85	0	0	0	0	0	0	0	0	74	0	227	0	0	2	0	0	0	0	3	0	0	0	0	1	0	0	2	16	25	0	0	226	0	5	1	0	0	27	0	26	86	9	270	0	1	22	7	47	1	3	0	0	128	19	0	0	7	64	0	0	759	7	1189	2	27	86	3	23	17	45	2	0	3	0	0	38	9	0	0	105	0	0	7	0	0	1	1	0	0	179	0	370	0	7	0	0	0	0	0	16	1	2	5	0	15	0	0	63	4	11	19	0	61	0	2	1	0	31	19	207	0	44	1	0	0	0	0	1	237	0	6	15	0	0	5	5	5	4	13	0	1	1	0	0	2	1	1	22	0	1	0	0	2	0	0	0	0	1	0	0	0	7	3	59	0	0	0	0	0	0	1	18	0	0	0	2	55	141	1	263	0	0	199	1	11	111	7	0	0	1	17	0	0	2	30	0	1	0	1	1	0	0	1	0	18	9	67	8	9	0	21	85	3	0	163	0	76	0	999	0	0	0	2	1	1	2	6	5	41	0	3	14	0	2	86	4	0	84	2	151	0	0	1	0	0	24	2	1	385	0	0	0	1882	34	24	1	0	0	291	0	5	0	0	28	2	26	0	3	3	1	0	1	314	0	0	0	0	0	8	1	21	0	70	147	145	42	598	0	2	0	0	0	2	11	0	0	0	2	1	1	120	153	2	15	69	20	0	0	0	1	0	0	0	1	0	0	5	71	0	0	0	0	0	839	0	1	1	0	16	547	0	5	1808	0	933	1440	9234	4986	804	12354	4292	19995	8	53	11420	41	71	0	796	1727	14757	2355	2	0	504	0	7	12	2089	0	0	1374	0	2	164	972	21	17	0	133	20	3	1730	81	4	0	1077	267	22	0	2	17	178	0	133	0	397	1	3	2	20	283	53	80	105	126	0	0	4	348	0	0	0	0	0	11	0	0	0	0	5	0	79	0	3175	0	24	7	1492	0	215	1	0	0	191	145	810	0	40	1862	131	46	5	0	0	0	0	0	0	0	12	0	13	10	185	374	1796	18	59	7	1378	3	0	2	0	9	449	4	5	2	304	533	217	180	0	0	3	3	19	4725	24	9	778	180	0	20	53	6219	3	0	239	74	8239	41	33	124	11	297	1231	0	36	3	38	0	1728	650	53	106	20	3623	581	0	0	0	284	352	159	0	0	0	0	38	0	7	36	2	5	15	910	110	0	18	11	366	18	0	95	45	11	6	41	4	7	3	0	0	2	47	1197	1254	0	0	0	0	1	0	1	0	0	0	0	74	20	0
RAG4	0	0	0	6	0	0	215	0	76	1	0	1	0	7	0	143	1	0	5	12	52	0	0	0	11	0	2	0	1	0	0	9	0	0	0	0	0	0	0	64	2	0	1	0	0	12	3	0	0	1	34	1	19	7	0	429	0	0	5	0	0	0	0	0	9	0	3	0	0	1	107	32	0	0	386	2	1	547	0	0	49	1	22	1	0	24	1	0	3	0	9	0	19	53	735	5	1	199	0	5	1	0	76	0	79	0	0	20	0	155	125	0	3	0	0	8	132	3	7	6	0	0	0	0	0	0	0	1110	0	1325	0	7	0	105	18	0	0	0	0	1	0	0	1	1	39	0	16	0	1091	18	10	9	0	0	0	0	0	2	4	1	50	9	167	48	54	0	0	1	0	1	0	0	3	24	0	1	0	27	0	0	0	0	0	0	15	0	0	0	0	4	0	1	1	0	0	0	29	0	0	6	0	0	2	0	98	21	0	32	2	0	1	0	1	1	0	0	0	0	0	0	0	0	0	31	0	1	0	1	0	0	0	2	120	69	1	1	57	0	0	57	25	0	0	0	0	3	0	29	0	0	8	0	0	0	0	6245	3	166	1073	0	4	53	0	4	0	7	0	5	0	0	0	4644	78	0	1	54	1	8	367	16	3	0	266	0	0	0	28	2540	726	242	1339	455	0	33	0	29	1	24	0	7	0	2	0	0	4	33	0	0	1	1	16	0	0	3	0	3	2	0	0	0	0	0	187	18	75	0	0	12	1	6	0	0	3	1	0	428	2	0	0	4	341	0	0	0	1	23	0	0	180	58	58	0	0	209	0	9	5	302	60	0	0	0	38	0	0	13	12	0	1	35	7	0	0	0	0	0	0	0	0	0	1	0	1	0	1	0	76	0	0	83	1	0	0	0	0	49	0	42	0	0	60	0	0	0	1	1	1	0	0	61	0	173	0	0	2	0	0	0	0	4	1	0	3	0	0	0	0	2	13	7	0	0	161	0	6	8	1	0	21	0	25	69	16	200	0	7	14	8	47	0	2	0	0	123	18	0	0	19	55	0	0	940	15	1197	1	29	82	1	9	14	72	1	0	1	0	0	17	5	1	0	159	0	0	6	0	0	0	0	1	3	214	0	308	0	7	4	0	0	0	1	24	3	8	1	0	10	1	1	45	3	7	23	0	89	0	3	0	0	29	10	165	0	29	0	0	0	0	0	0	248	0	2	4	0	0	0	6	3	2	5	0	6	1	0	0	5	1	0	12	0	0	0	0	3	0	0	0	0	3	0	0	0	5	1	48	0	18	0	0	0	0	3	30	0	0	0	0	22	114	2	260	0	0	305	2	11	123	2	1	0	0	13	1	0	0	22	0	0	0	0	1	0	0	2	0	16	6	96	3	9	0	29	61	2	0	142	0	38	0	1061	0	0	0	0	1	0	1	8	2	40	0	1	23	0	0	109	7	1	75	1	162	1	0	5	0	0	24	1	3	356	0	1	0	2236	25	25	1	1	1	228	0	6	0	0	18	1	23	0	5	2	0	0	1	286	0	0	0	0	1	11	0	21	8	57	86	257	30	651	0	1	0	0	0	1	7	0	0	1	0	5	1	152	140	2	15	47	14	0	0	0	0	0	0	0	2	0	0	4	81	0	1	1	0	0	821	0	0	0	0	15	526	0	16	1399	4	1029	1386	9527	4668	1046	12821	4474	19260	16	51	11277	29	64	1	726	2034	16273	2678	3	0	832	2	3	27	2074	0	7	1206	0	5	125	997	23	14	0	127	23	1	1845	82	3	0	950	238	18	0	5	16	151	1	107	0	892	2	3	4	8	300	39	84	121	154	3	0	2	322	0	0	0	0	0	7	0	0	11	2	7	0	80	0	3673	1	1506	23	1227	1	169	1	3	0	165	140	858	0	27	1899	140	51	7	0	0	0	0	0	0	0	11	0	14	15	161	353	1678	5	59	6	1378	3	1	0	0	9	394	0	8	3	412	519	239	197	0	0	6	5	19	4868	27	22	799	199	0	18	34	6264	0	1	208	125	7813	64	21	80	6	262	1228	0	30	1	38	0	1530	758	42	118	19	3828	655	0	0	1	258	339	164	0	0	0	0	47	0	6	32	1	8	10	1082	135	0	19	4	250	13	0	76	53	42	6	14	1	6	3	0	0	4	54	1172	945	0	0	0	0	1	0	0	0	0	0	0	74	21	0
RAG5	0	0	0	0	0	0	155	1	72	0	2	1	0	0	0	134	0	0	9	37	36	0	1	0	14	1	0	0	0	0	0	8	0	0	0	1	0	1	0	55	0	0	0	0	0	5	2	0	0	0	32	0	16	5	1	312	0	0	3	0	1	1	0	0	4	0	6	0	0	0	112	19	0	0	280	0	0	342	0	0	48	3	7	1	0	14	0	0	0	0	2	0	14	17	482	0	0	153	0	6	2	0	22	0	39	0	2	9	0	140	87	0	0	0	0	5	118	3	1	3	0	0	0	0	0	0	0	821	0	1122	0	6	0	75	4	1	0	0	0	0	0	0	0	0	70	0	7	2	0	15	3	3	0	2	0	1	0	0	4	0	52	1	119	37	35	1	0	0	2	2	0	0	0	6	0	0	0	31	0	0	0	0	0	0	5	0	0	0	0	0	0	0	1	0	0	0	25	0	0	9	0	0	4	0	10	3	0	23	3	0	0	0	0	0	0	0	0	0	0	0	0	0	0	20	0	1	0	0	0	0	0	5	89	46	1	0	41	0	0	37	33	1	1	0	0	1	0	24	1	0	7	1	0	0	0	5055	3	174	828	0	3	47	0	3	0	4	0	1	0	1	0	4069	62	0	1	47	0	4	329	11	4	0	250	0	0	0	13	2299	470	196	1080	380	0	21	0	8	0	2	0	22	0	0	0	0	0	2	0	0	1	0	2	0	2	0	0	1	1	0	0	0	0	0	75	17	63	0	0	6	0	3	2	1	0	0	1	304	1	0	0	4	269	0	0	0	0	16	1	0	219	22	53	0	0	165	0	5	2	280	42	0	0	0	35	0	1	0	6	0	2	38	9	0	0	1	0	0	0	0	0	0	0	2	0	0	0	0	1	0	0	40	0	0	0	1	0	55	0	34	0	0	50	0	1	0	0	1	0	0	0	45	0	183	0	0	1	0	0	0	0	0	0	0	3	1	0	0	0	0	10	10	1	0	219	0	9	0	0	1	25	0	21	42	12	184	0	2	9	16	34	0	3	0	0	130	0	0	0	13	55	0	0	658	9	904	1	48	67	0	9	10	8	0	0	4	0	0	8	4	3	0	93	0	0	9	0	0	0	0	0	1	112	0	255	0	6	1	0	0	0	0	20	0	1	4	0	6	0	0	33	0	9	13	0	68	0	2	3	1	22	11	150	2	26	0	0	0	0	0	0	221	0	4	0	0	0	0	6	5	1	6	0	3	0	0	0	0	0	0	5	3	1	0	0	0	0	0	0	0	1	0	0	0	2	0	30	1	0	0	0	0	1	0	26	0	0	0	0	19	92	1	216	0	0	89	0	7	110	2	1	0	0	2	0	0	0	22	1	1	0	0	0	0	1	3	0	20	5	14	4	0	0	18	49	2	0	117	0	5	0	966	0	0	0	1	2	0	3	6	3	27	0	0	12	2	0	89	2	2	63	2	148	0	0	3	0	0	13	0	0	264	0	0	0	1757	34	21	0	1	0	149	0	4	0	0	7	2	13	0	2	1	1	0	1	224	0	0	0	0	1	8	0	117	0	36	74	93	32	567	1	1	0	0	0	0	11	0	1	1	0	1	2	94	100	1	12	24	21	0	0	0	0	0	0	0	0	0	0	3	63	0	0	0	0	0	696	0	0	0	0	13	434	0	4	1304	3	773	1023	7445	3856	660	9643	3368	14477	14	52	8339	19	44	1	487	1199	10401	1746	1	0	424	0	3	18	1505	0	5	1090	0	3	113	618	13	17	0	87	15	1	1279	62	6	1	894	207	10	0	3	16	117	0	87	0	268	3	0	0	11	71	10	46	32	80	1	0	0	267	0	0	0	0	0	14	0	0	2	0	2	0	118	0	2362	0	10	5	1571	1	134	0	2	0	153	136	590	0	18	1536	139	44	2	0	0	0	0	0	0	0	7	0	13	3	104	247	1142	0	45	5	1180	2	1	0	2	11	278	1	0	6	195	417	175	174	0	0	4	0	29	4095	19	12	505	108	0	17	26	4440	0	0	123	27	5864	40	2	90	8	225	1083	0	21	2	55	0	1323	567	43	74	10	2875	280	1	0	0	201	526	122	0	0	0	0	23	0	5	38	0	6	18	758	55	0	15	6	190	19	0	123	19	8	5	2	0	7	2	0	0	0	42	1087	1204	0	0	0	0	0	0	0	0	0	0	0	47	10	0
RAG6	0	0	0	256	0	0	76	0	28	0	0	0	0	1	0	46	0	0	4	4	27	0	0	0	2	0	0	0	0	0	1	2	0	0	0	0	1	0	0	20	0	0	0	1	0	2	1	0	0	0	19	0	7	5	0	128	0	0	3	0	0	0	1	0	3	0	2	0	0	0	35	7	0	0	106	0	0	154	0	1	22	4	48	0	0	31	2	0	4	0	7	0	8	17	192	2	0	225	0	0	1	0	19	0	18	0	0	58	0	58	29	0	7	0	0	5	58	5	1	1	0	0	0	0	1	0	0	374	5	463	0	1	1	36	26	0	0	0	0	53	0	0	0	1	505	0	5	1	368	17	1	2	0	2	0	0	0	0	2	0	18	5	65	25	9	0	0	0	1	5	0	0	0	71	0	0	0	9	0	0	0	0	0	0	85	0	0	0	1	1	0	0	0	0	0	0	16	0	0	7	0	0	0	0	706	12	0	3	1	0	0	7	0	0	0	0	0	0	0	0	1	0	0	8	0	0	0	0	0	0	0	1	60	18	2	0	54	0	3	24	47	36	0	0	0	18	0	14	1	0	1	0	0	1	0	1413	1	64	329	0	3	7	0	2	0	0	0	2	0	0	0	1466	22	2	2	10	0	3	117	8	0	0	77	0	0	0	6	869	178	50	305	130	0	10	0	11	0	0	0	3	0	0	1	0	5	33	0	0	0	1	2	0	1	9	0	1	1	0	0	1	0	0	81	5	30	0	0	5	0	5	0	0	14	0	0	129	0	0	0	1	100	0	0	0	1	4	0	0	66	11	13	0	0	73	0	1	0	98	20	0	0	1	25	0	1	10	6	0	0	14	0	0	0	0	0	0	0	0	0	0	0	0	0	0	0	0	12	0	0	14	0	0	0	0	0	20	0	53	0	0	35	0	0	0	0	0	0	0	0	27	0	59	0	0	1	0	0	0	0	23	0	0	2	0	0	1	0	1	4	7	0	0	211	0	6	39	0	0	9	0	13	48	5	91	0	34	3	37	16	2	1	0	1	233	1	0	0	2	7	0	0	255	10	434	0	8	20	0	4	29	85	0	0	0	0	0	70	4	0	0	45	0	0	2	0	0	2	0	0	1	54	0	282	1	3	0	10	0	0	0	12	0	2	2	0	1	1	0	20	0	7	4	0	22	0	1	2	0	56	24	145	5	10	0	0	0	0	0	0	84	0	1	7	0	0	0	1	1	0	3	1	18	0	0	0	0	2	0	2	0	1	0	0	3	0	0	0	0	4	0	0	0	2	138	25	0	17	0	0	0	0	1	7	0	3	2	0	70	94	0	70	0	0	65228	0	2	19	1	0	0	0	1	0	0	0	5	0	0	0	0	0	0	0	0	0	4	4	293	4	1	0	8	18	2	0	59	0	2	0	366	0	0	0	0	0	0	1	4	3	11	0	6	4	0	0	29	39	0	22	0	91	2	1	3	0	0	1	0	0	91	0	0	0	636	11	6	0	11	0	192	0	0	0	0	48	0	5	0	3	0	0	0	1	76	0	0	0	0	0	4	3	3	0	20	24	17	9	240	0	1	0	0	0	10	83	1	0	0	1	0	1	58	61	0	2	19	17	0	0	0	0	0	0	0	0	0	1	1	12	0	0	0	0	0	269	0	1	0	0	5	168	0	1	506	0	336	328	3021	1473	322	2722	914	5804	461	26	37416	11	19	2	194	474	4235	908	4	0	642	0	6	6	942	0	0	421	0	3	78	729	32	11	0	159	93	0	1667	17	2	0	315	82	10	0	3	6	44	0	44	0	464	2	0	5	3	34	9	24	336	196	3	1	5	102	0	1	0	0	0	3	0	0	1	0	1	0	41	0	1237	0	489	18	679	0	67	0	0	0	46	60	310	0	16	605	45	13	4	0	0	0	0	1	0	0	5	0	5	18	67	253	479	0	21	14	507	3	3	0	0	3	137	0	2	2	302	257	72	121	0	0	3	1	78	1352	10	5	222	125	0	7	19	13726	239	13	88	10529	145514	26	1	27	5	87	354	0	10	0	10	0	399	316	13	52	10	1267	506	0	0	0	73	111	34	0	0	0	0	15	0	1	4	0	3	7	444	70	0	10	3	132	2	0	53	13	124	6	1	0	3	1	0	0	1	15	445	365	0	0	0	0	0	0	0	0	0	0	0	16	14	0
RAG7	0	0	0	1	1	0	240	0	84	0	0	4	0	0	1	115	1	0	3	11	56	0	1	0	15	0	0	1	0	0	0	10	0	0	0	1	0	0	0	37	0	0	1	0	0	11	2	0	0	1	36	0	22	8	1	504	0	0	8	0	0	0	0	0	4	0	4	0	0	1	173	20	0	0	361	0	0	268	0	1	37	0	9	1	1	15	0	0	1	0	11	0	5	46	775	2	3	103	0	4	2	0	34	0	68	1	0	6	0	143	135	0	2	0	0	3	100	7	1	2	0	0	0	2	0	0	0	1040	1	1524	1	7	1	132	3	1	1	0	0	2	0	0	0	4	8	0	14	0	0	13	4	10	0	2	0	2	1	2	6	2	77	5	248	48	39	0	0	0	3	0	0	0	0	3	1	1	0	39	0	0	0	0	0	0	2	0	0	0	1	2	0	0	0	0	0	0	3	0	0	7	0	0	0	0	2	8	0	10	3	0	0	0	0	0	0	0	0	0	0	0	0	0	0	33	0	0	0	0	0	0	0	2	115	62	0	0	43	0	0	41	22	1	0	0	0	0	0	55	0	0	9	0	1	0	0	6172	6	142	886	0	4	54	0	5	0	4	0	1	0	1	0	5664	28	9	1	69	0	10	338	25	5	0	410	0	0	0	43	2552	483	263	1149	396	0	32	0	21	0	7	2	8	0	0	0	1	3	0	0	0	1	0	0	0	2	1	0	0	1	0	0	0	2	0	104	17	67	0	1	3	0	5	0	0	0	1	0	521	2	0	0	1	267	1	0	1	0	8	0	0	216	44	38	0	0	252	0	8	6	274	21	0	0	0	35	0	0	0	22	2	0	43	5	0	0	0	0	0	0	0	1	0	0	2	1	0	0	0	3	0	0	121	1	0	1	0	0	49	0	16	0	0	42	0	0	0	0	0	0	0	0	33	0	269	0	0	1	0	0	0	0	2	0	0	3	3	0	1	0	1	15	10	0	0	155	0	7	0	2	2	19	0	23	42	10	175	1	4	5	0	40	0	0	0	0	43	5	0	0	13	84	0	0	841	17	1193	0	39	46	1	15	8	12	2	0	7	0	0	23	3	2	0	116	0	0	7	0	0	1	0	0	0	198	0	491	0	4	0	0	0	0	0	21	0	2	4	0	3	0	1	56	3	12	17	0	94	0	0	4	0	9	17	150	1	28	2	0	0	0	0	0	212	0	7	5	0	0	1	5	22	1	13	0	3	0	0	0	2	3	0	20	1	3	0	0	0	0	0	0	0	2	0	0	0	2	0	44	0	0	1	0	1	0	1	29	0	0	0	1	18	80	1	196	0	1	65	1	18	89	2	0	1	0	1	0	0	1	15	0	1	0	0	0	0	2	0	0	19	4	2	3	1	0	28	49	1	0	271	0	7	0	846	0	0	0	3	1	0	2	2	5	11	0	3	5	0	0	193	0	2	76	2	140	0	0	3	0	0	14	2	0	374	0	0	0	2265	40	43	0	0	0	140	0	1	0	0	4	0	14	0	1	0	0	0	1	375	0	0	0	0	1	14	0	14	0	48	106	143	32	752	0	1	0	0	0	0	4	0	0	0	0	8	0	57	121	3	5	6	11	0	0	1	0	0	0	0	1	0	0	15	77	0	0	0	0	0	907	2	0	0	0	6	541	0	7	1691	2	892	1339	10688	4577	565	12522	4384	18289	1	74	10008	26	55	0	735	2025	16881	2970	2	0	352	1	3	23	1852	0	3	1089	0	2	101	727	11	10	0	93	16	0	1149	106	4	0	1074	261	17	0	2	17	157	0	132	2	287	0	1	1	19	129	25	60	18	83	2	0	0	367	0	0	0	0	0	6	0	0	0	0	1	0	106	1	4030	0	7	10	1710	1	193	1	4	0	195	159	655	0	34	2202	136	55	4	0	0	0	0	0	0	0	4	0	12	1	104	242	2175	0	35	7	1272	0	1	0	0	5	285	0	9	5	204	644	253	212	2	0	15	2	20	5285	19	22	861	115	0	10	57	5356	2	0	175	27	6491	24	2	147	10	337	1281	0	26	0	47	0	1654	766	80	91	10	2649	359	0	0	0	259	432	147	0	0	0	6	46	0	8	29	1	14	20	1043	14	0	19	3	221	20	0	111	17	6	1	1	6	7	2	0	0	1	61	1214	1328	0	1	0	0	1	1	1	0	0	1	0	72	9	0
RAG8	0	0	0	114	1	0	91	0	47	0	1	1	0	0	0	69	0	0	6	6	22	0	0	0	5	0	0	0	0	0	0	5	0	1	0	0	0	0	0	34	0	0	0	0	0	5	0	0	0	0	23	0	5	5	0	180	0	0	3	0	0	0	0	0	1	0	1	0	0	0	58	15	0	1	166	0	0	146	0	0	20	0	16	0	0	10	1	0	4	0	3	1	6	15	155	1	1	124	0	3	1	0	18	0	48	1	0	22	0	41	51	0	3	0	0	2	55	1	3	1	0	0	0	0	0	0	0	437	1	603	0	2	1	47	13	0	0	0	0	24	0	0	0	3	200	0	2	0	136	6	0	2	0	0	0	0	0	0	0	0	24	3	62	12	16	1	0	0	0	4	0	0	1	29	0	0	0	18	0	0	0	0	0	0	31	0	0	0	0	1	0	0	1	0	0	0	13	0	0	2	1	0	0	0	277	4	0	10	3	0	0	4	0	0	0	0	0	0	1	0	0	0	0	10	0	0	0	0	0	0	0	0	38	16	3	0	31	0	2	11	36	16	0	0	0	7	0	12	2	0	3	0	0	0	1	2427	4	60	404	0	0	22	0	3	0	3	0	1	0	0	0	1740	21	3	0	23	0	1	146	3	1	0	99	0	0	0	11	848	198	78	436	180	0	17	0	11	0	4	0	4	0	0	0	0	1	20	0	0	1	0	3	0	0	4	0	0	0	0	0	2	1	0	39	7	31	0	0	0	0	3	1	0	12	0	0	200	0	0	0	1	106	0	0	0	0	7	0	0	72	15	32	0	0	72	0	1	1	99	25	0	0	0	18	0	0	8	7	0	0	13	4	0	0	0	0	0	0	0	0	0	0	1	0	0	0	0	2	0	0	20	0	0	0	0	0	22	0	24	0	0	30	0	0	0	1	0	0	0	0	20	0	76	0	0	0	0	0	0	0	11	0	0	0	1	0	0	0	0	4	6	1	0	166	0	6	26	0	0	14	0	6	25	6	71	0	14	2	25	12	1	0	0	0	141	3	0	0	9	27	0	0	296	3	508	0	13	13	1	6	10	48	0	0	1	0	0	47	1	0	0	48	0	0	1	0	0	1	0	0	1	65	0	153	0	1	0	4	0	0	0	15	0	0	4	0	4	0	0	14	1	9	10	0	28	0	6	2	0	28	5	105	1	7	1	0	0	0	0	0	84	0	6	7	0	0	1	2	3	1	1	0	8	0	0	0	1	0	0	3	1	2	0	0	0	0	0	0	0	3	1	0	0	1	61	17	0	13	0	1	0	1	1	8	0	0	0	0	36	51	1	80	0	0	21288	1	5	32	0	0	0	0	0	0	0	1	3	0	0	0	0	0	0	0	0	0	5	2	134	0	0	0	6	25	1	0	66	0	3	0	375	0	0	0	1	0	0	2	1	2	8	0	3	5	0	0	58	11	0	29	0	88	0	0	1	0	0	6	0	0	115	0	0	0	721	19	13	0	6	0	106	0	3	0	0	17	0	7	0	3	1	0	0	0	104	0	0	0	0	1	0	0	21	4	24	26	50	10	258	1	2	0	0	0	9	44	0	0	0	1	2	1	48	48	0	4	11	5	0	0	0	0	0	0	0	0	0	0	0	28	0	0	0	0	0	330	0	0	0	0	3	169	0	3	633	1	417	415	3743	1845	328	4791	1658	8073	220	25	20516	16	27	0	187	589	5462	967	3	0	383	0	2	5	906	0	1	447	0	3	80	517	24	6	0	94	38	0	1026	31	0	0	438	102	11	0	1	4	59	0	49	0	305	0	1	1	5	46	7	29	179	97	6	1	4	127	0	0	0	0	0	2	0	0	1	0	0	0	45	0	1360	0	226	8	795	0	78	1	0	0	82	77	363	0	15	779	58	12	0	0	0	0	0	0	0	0	6	0	4	6	72	170	751	0	15	9	599	3	0	0	0	1	154	0	3	1	210	235	88	93	0	0	4	0	57	2072	9	9	287	97	0	8	21	7559	140	9	91	4603	72865	25	2	49	4	122	539	0	13	0	19	0	656	322	22	46	12	1335	312	0	0	0	78	197	72	0	0	0	0	16	0	0	18	0	4	8	472	43	0	7	4	122	5	0	53	9	65	3	0	0	2	1	0	0	1	13	525	503	0	0	0	0	2	1	0	0	0	1	0	33	5	0
RAG9	0	0	0	2	0	0	154	1	26	0	1	1	0	0	2	63	0	0	1	2	26	0	0	0	4	1	0	0	1	0	0	2	0	0	0	3	0	0	0	71	0	0	0	0	0	5	1	0	0	0	5	1	16	3	0	286	0	0	5	0	1	0	0	0	1	0	2	0	0	1	53	16	0	0	207	1	1	345	0	0	48	7	16	0	2	16	1	0	1	0	4	0	6	43	179	2	0	118	0	1	1	0	44	0	38	2	1	4	0	34	63	1	10	0	0	1	37	1	2	1	0	0	0	0	0	0	0	954	0	1412	1	1	4	33	5	0	0	0	0	0	0	0	0	4	7	0	6	1	0	17	9	4	0	1	0	1	0	0	3	0	13	5	76	25	28	3	0	0	3	3	3	0	0	2	0	0	0	19	0	0	0	0	0	0	60	0	0	0	0	1	0	0	0	0	0	0	11	0	1	2	0	0	0	0	15	3	0	15	0	0	0	0	0	0	0	0	0	0	0	0	0	0	0	29	0	0	0	0	0	0	0	1	38	35	7	2	23	0	1	24	14	3	0	0	1	1	0	28	0	0	5	0	0	0	0	3652	7	86	681	0	1	17	0	4	0	2	0	1	0	1	0	1574	17	0	0	13	1	8	138	5	0	0	96	0	0	0	4	1266	345	85	868	327	0	15	0	10	0	10	0	8	0	1	0	0	0	4	0	0	0	1	0	0	0	1	0	0	0	1	0	0	0	0	72	6	34	0	0	1	0	1	0	0	3	0	1	248	1	0	0	0	120	0	1	0	0	2	0	0	78	37	28	0	0	104	0	4	5	259	33	0	0	0	37	0	0	1	5	0	0	11	0	0	0	1	0	0	0	0	0	1	0	0	1	0	0	0	43	0	0	20	0	0	1	2	0	31	0	9	0	0	25	0	0	0	0	0	0	0	0	19	0	144	0	0	1	0	0	0	0	2	0	0	6	1	0	0	0	0	6	8	0	0	133	0	18	5	0	0	16	0	23	36	11	72	0	1	10	5	30	0	3	0	0	60	10	0	0	17	63	0	0	1133	8	873	1	2	22	0	3	3	14	0	0	1	0	0	84	2	1	0	86	0	0	2	0	0	4	0	0	0	92	0	92	0	5	1	0	0	0	0	12	2	4	0	0	7	0	0	25	1	2	18	1	39	0	3	1	0	31	6	101	2	13	0	0	0	0	0	0	153	0	4	3	0	0	1	5	1	0	6	0	3	0	0	0	0	0	0	5	0	2	0	0	0	0	2	0	0	1	0	0	0	1	0	15	0	1	0	0	0	0	1	12	0	0	5	0	6	35	1	115	0	0	29	0	1	106	13	0	0	0	5	0	0	0	14	0	0	1	0	0	0	0	0	0	3	1	340	1	4	0	26	20	0	0	40	0	2	0	376	0	0	0	1	1	1	3	1	2	20	0	0	11	0	0	58	1	0	21	3	159	0	0	1	0	0	12	0	0	181	0	0	0	1041	12	19	0	0	0	46	0	2	0	0	27	1	8	0	2	0	0	0	0	92	0	0	0	0	1	4	0	9	1	11	22	37	4	292	0	0	0	0	0	1	5	0	0	0	2	0	1	215	33	0	12	396	5	0	0	0	0	0	0	0	0	0	0	0	16	0	0	0	0	0	315	0	0	0	0	5	197	0	7	1184	0	474	870	6117	3675	689	8813	2928	14957	8	18	9749	27	37	0	210	1175	7856	1442	5	0	451	0	6	13	1365	0	2	966	0	3	60	552	19	11	1	69	20	2	1183	54	3	0	542	155	13	0	1	9	66	0	61	0	278	3	0	4	9	124	20	54	87	115	10	2	15	212	0	1	0	0	0	5	0	0	12	0	1	0	24	0	2027	0	18	19	796	0	142	0	0	0	107	89	523	0	18	765	63	15	3	0	0	0	0	0	0	0	4	0	13	4	126	273	896	0	24	2	904	6	0	0	0	4	239	1	1	2	186	267	110	173	0	0	2	4	21	2677	20	11	344	183	0	4	51	4856	1	0	82	24	5754	43	39	80	5	144	701	0	12	2	20	0	885	602	44	82	17	2896	543	0	0	0	52	227	109	0	0	0	0	29	0	6	14	1	5	8	857	75	0	4	6	121	6	0	43	37	2	20	3	2	0	0	0	0	1	29	880	843	0	0	0	0	0	0	0	0	0	0	0	43	27	0
RTP1	0	1	1	0	0	0	52	0	38	0	0	0	0	2	3	73	0	3	11	13	2	1	0	12	4	15	15	1	5	0	3	7	2	0	0	1	13	0	0	4	0	2	0	2	0	1	0	0	2	0	3	0	33	20	0	153	0	0	8	1	3	0	0	0	21	0	5	14	0	3	298	93	0	0	288	0	6	22	0	0	9	0	64	3	0	12	0	0	0	1	0	0	18	4	468	4	6	42	0	1	0	3	3	0	8	0	0	22	0	152	77	0	0	0	0	0	17	11	0	9	2	0	2	0	0	0	0	260	0	518	2	11	17	12	12	1	4	1	0	13	0	1	0	0	6	0	0	3	0	0	0	7	0	12	0	0	0	0	17	1	78	0	80	3	26	0	0	0	10	0	0	0	0	33	0	0	0	16	0	1	6	1	0	0	21	0	0	0	0	8	0	1	1	0	2	0	13	0	1	27	0	19	0	0	11	13	0	10	9	0	0	0	0	0	1	2	0	0	0	0	0	1	0	3	0	0	0	1	1	0	0	2	330	2	0	6	9	0	22	23	7	74	0	0	0	3	0	11	2	0	0	0	0	0	0	12516	36	86	286	0	7	1	0	1	14	43	0	0	0	0	0	490	3	66	1	8	0	6	2142	76	33	0	129	1	2	24	850	319	1350	1291	2821	430	6	0	0	0	0	1	15	0	0	1	2	0	14	0	0	0	0	0	0	0	0	0	0	1	0	0	0	0	50	0	25	6	374	0	0	1	0	5	0	0	3	5	0	48	6	0	0	0	0	0	1	0	0	24	0	0	160	11	198	0	0	41	2	1	4	204	26	3	0	0	40	0	0	0	139	0	1	62	0	0	0	0	0	2	1	0	0	3	0	8	0	0	0	1	96	0	0	56	0	31	0	2	1	64	0	49	0	0	116	0	1	6	0	5	1	0	0	0	0	2887	0	0	2	0	0	1	0	2	0	0	1	0	0	3	0	0	1	36	5	0	62	0	4	2	0	1	0	0	0	17	22	104	1	3	0	1	191	7	0	0	0	16	0	0	0	21	10	0	1	562	4	596	0	38	147	0	7	2	46	0	0	2	0	0	3	4	4	0	27	0	2	8	0	0	76	0	0	0	341	1	142	3	2	0	0	0	0	0	43	0	0	2	0	8	1	0	17	0	0	15	1	1376	0	2	5	0	15	8	60	3	73	9	4	1	0	0	0	123	0	27	4	2	1	0	0	15	11	2	0	3	53	0	0	2	0	6	103	0	0	0	0	0	0	0	2	1	50	0	0	0	9	0	31	0	0	0	1	0	0	0	8	0	1	1	0	0	31	0	47	0	0	101	26	2	15	0	5	0	27	0	0	1	32	1	1	8	0	0	1	1	30	0	1	9	0	2	1	0	0	0	5	1	0	25	0	26	0	368	11	2	0	2	0	0	0	12	0	12	2	1	0	0	0	54	5	1	108	0	7	7	0	1	0	0	6	12	0	101	6	0	0	8383	21	4	0	4	2	110	0	3	0	0	0	4	4	0	2	7	1	0	10	9	0	0	0	0	0	2	2	19	3	17	95	4	2	439	0	2	0	1	0	0	1	0	0	0	0	3	0	124	1	0	1	689	1	2	0	0	0	0	14	0	0	0	11	3	375	0	0	2	0	0	156	1	1	0	0	0	209	1	14	111	17	788	1030	1691	766	314	23341	11346	13122	1	114	20792	191	5	0	910	873	12145	1100	4	0	289	0	1	46	1233	0	0	1094	0	9	22	352	25	17	0	42	13	0	330	228	0	2	465	109	0	3	44	30	222	0	294	1	103	1	7	1	1	0	0	34	20	23	2	0	4	741	0	0	0	7	0	9	0	0	2	1	11	0	1	0	2116	0	62	51	1618	1	17	6	0	0	846	271	534	0	3	349	23	216	2	1	0	0	0	0	0	0	5	2	5	7	11	248	2558	5	32	12	1467	7	0	0	1	16	688	1	0	6	360	219	94	484	6	3	48	41	55	6173	59	20	197	185	0	0	146	6848	0	0	70	53	23579	35	21	2463	6	397	525	0	202	1	164	0	280	2490	16	35	7	1107	254	0	0	4	155	255	106	14	0	0	0	83	0	3	22	1	0	34	3384	80	0	3	10	609	7	0	24	0	13	7	1	5	0	2	0	0	1	27	681	27	0	0	1	0	1	0	0	0	0	1	1	28	2	0
RTP10	0	0	0	1	0	0	37	0	32	0	0	0	1	7	5	74	0	1	3	8	3	0	0	21	3	19	41	1	2	0	8	10	1	0	0	0	16	0	0	10	0	1	0	0	0	0	0	0	1	0	3	0	38	28	0	170	0	0	5	1	4	0	4	0	29	0	5	19	0	1	311	98	0	0	280	1	6	27	1	0	12	2	37	8	1	22	0	0	0	0	10	0	29	6	596	4	8	48	0	0	0	0	9	0	4	3	0	61	0	168	102	3	0	0	0	0	37	14	0	7	0	0	0	0	0	1	0	241	0	602	3	12	9	9	20	0	7	2	3	30	0	0	1	0	30	0	0	7	12	4	1	13	0	18	0	1	1	1	19	1	115	0	96	1	23	0	0	0	10	0	0	1	0	57	0	0	0	30	0	0	1	1	0	0	54	0	0	0	0	7	0	0	9	0	2	0	39	0	1	14	0	13	0	1	38	8	0	11	11	1	0	3	0	0	0	2	0	0	1	0	0	1	0	3	0	0	0	1	3	0	0	1	412	2	0	2	17	0	11	23	9	98	0	0	0	1	0	18	1	0	1	0	0	0	0	10791	14	110	265	2	20	3	1	0	14	28	0	0	1	1	0	516	4	70	1	15	0	4	1852	73	27	0	117	1	1	20	742	343	1336	1501	3339	435	5	0	0	0	0	0	10	0	1	5	2	0	16	0	1	0	1	0	0	0	2	0	0	0	0	0	1	0	34	1	39	6	339	0	0	3	0	7	1	0	3	5	0	41	7	0	0	9	3	0	0	0	0	22	1	0	166	14	202	0	1	32	1	1	2	190	32	1	0	0	61	0	0	0	157	0	2	69	0	0	1	0	0	3	0	2	0	2	4	2	1	0	1	0	64	0	0	52	0	34	0	1	0	74	0	44	1	0	136	0	0	6	0	7	3	0	1	0	0	2418	0	1	1	0	0	0	0	1	0	1	3	1	1	4	0	2	2	61	7	3	66	0	2	3	0	2	0	0	1	16	34	124	0	3	4	9	134	27	0	0	0	92	0	0	0	12	0	0	4	689	5	666	0	22	174	0	12	1	39	7	0	2	0	0	2	6	0	0	39	0	1	18	0	0	58	0	0	0	480	0	171	0	2	2	0	0	1	0	50	0	0	2	0	6	0	0	13	0	1	9	1	1236	0	3	7	0	34	12	55	4	53	11	6	0	1	0	0	182	0	31	15	0	1	0	2	8	8	2	0	0	39	1	0	4	0	1	121	0	0	0	0	1	0	0	1	0	10	0	5	0	6	10	33	0	0	0	1	0	0	1	5	0	0	1	0	3	34	0	32	0	2	128	22	11	15	1	5	1	22	0	0	0	9	4	1	7	0	0	1	0	28	1	1	8	0	30	0	0	1	0	7	0	1	37	0	16	0	270	12	11	0	1	0	1	0	18	4	15	5	1	1	0	3	72	9	3	97	0	12	7	0	0	0	0	3	13	0	113	3	0	0	7393	15	2	0	13	0	159	3	4	0	0	0	8	10	4	2	3	2	1	13	9	0	0	0	0	1	1	11	44	4	33	109	31	0	490	0	2	3	0	1	10	11	0	0	0	0	3	0	173	2	2	0	762	10	0	0	0	0	0	9	2	0	0	9	4	372	0	0	9	0	0	122	1	1	1	0	1	189	0	15	101	19	705	1054	1726	923	376	20507	9864	11518	4	47	19142	222	8	0	903	865	12627	1332	3	0	351	0	5	60	1311	0	0	1115	0	14	36	406	18	18	0	52	13	0	498	293	0	2	457	155	2	0	57	52	296	0	341	2	170	4	3	1	3	2	2	27	33	27	5	0	2	716	0	1	1	4	0	21	1	0	7	3	8	0	4	0	2489	0	93	26	1636	3	15	7	0	0	698	259	308	0	3	324	18	230	3	0	0	0	0	0	0	0	3	14	4	13	30	137	2391	4	26	12	1411	10	4	0	0	20	621	0	4	5	274	243	116	460	4	1	54	49	52	6182	60	35	189	190	0	0	129	6692	16	1	65	96	21200	20	14	2205	22	392	483	0	250	5	177	0	248	2106	10	32	9	1235	247	0	0	1	191	170	128	13	0	1	1	78	1	2	19	0	3	54	2986	121	1	3	12	609	25	0	17	1	17	7	1	5	0	3	0	0	4	27	710	21	0	0	1	0	1	0	0	0	0	0	0	27	3	0
RTP11	0	0	0	0	0	0	23	0	35	0	0	1	1	0	4	73	0	2	7	10	1	0	0	15	17	15	26	0	1	0	9	11	2	0	1	2	8	0	0	11	1	0	0	0	0	0	0	0	0	0	3	1	30	18	0	140	0	0	4	1	3	0	0	0	21	0	3	13	0	1	326	90	0	0	223	0	3	54	1	0	9	0	31	6	2	20	0	0	1	0	8	0	24	6	424	5	7	37	0	0	0	2	9	1	4	1	0	20	0	160	79	0	0	0	0	1	26	7	0	11	0	0	0	0	0	2	0	224	0	480	5	8	5	9	16	0	2	4	0	5	0	1	0	0	2	0	0	2	1	8	0	9	0	16	0	3	3	1	15	0	87	0	82	3	25	3	0	0	12	0	0	0	0	35	0	0	0	8	0	0	4	0	0	0	39	0	0	1	0	11	0	0	4	0	2	0	18	0	0	13	0	14	0	0	23	10	0	12	10	0	0	0	0	0	0	1	0	1	1	1	0	2	0	1	0	0	0	0	4	0	0	0	329	1	0	5	11	0	22	26	7	82	0	1	0	2	0	16	3	0	0	0	0	0	0	10921	11	74	201	0	15	2	0	0	10	29	0	0	0	2	0	436	1	65	0	9	0	7	1713	71	27	0	102	2	9	24	744	310	1304	1223	3087	432	2	2	0	0	0	0	19	0	0	1	1	0	11	0	3	2	3	0	0	0	0	0	0	2	0	0	0	0	34	0	32	1	334	0	0	5	1	4	0	0	1	9	0	33	4	0	1	1	2	0	0	0	0	28	0	0	138	14	184	0	0	34	0	0	0	197	29	1	0	0	40	0	0	2	137	0	0	34	0	0	0	0	0	0	0	0	0	2	2	4	0	0	0	0	56	0	1	68	0	47	0	0	2	84	0	136	0	0	119	0	0	1	1	9	0	0	1	1	0	2526	0	0	2	0	0	0	0	0	0	1	0	0	0	2	0	0	0	46	5	3	72	0	1	1	0	0	0	0	0	14	30	105	1	3	3	3	233	12	0	1	0	30	0	0	0	11	0	0	2	492	7	559	0	32	169	0	15	0	55	0	0	0	0	0	2	2	0	1	33	0	0	13	0	0	80	0	0	0	291	1	129	0	2	1	0	0	0	0	22	0	0	7	0	4	1	0	17	0	0	4	0	1159	0	0	7	0	21	11	54	1	79	4	5	0	0	0	0	105	0	34	9	1	0	0	1	9	5	3	0	2	21	0	0	2	0	3	110	0	0	0	0	0	0	0	0	2	12	0	3	0	7	3	34	0	0	0	1	0	0	0	1	0	1	1	0	0	32	0	33	0	1	109	37	5	8	1	6	0	22	0	0	0	11	3	0	9	0	0	1	0	14	1	0	9	0	19	1	0	0	0	12	0	0	30	0	14	0	419	7	5	0	1	0	1	0	10	0	7	1	2	0	0	1	77	15	3	82	0	10	11	0	0	0	0	3	15	0	98	5	0	0	6544	21	3	0	7	1	213	0	3	0	0	0	5	4	0	1	5	3	0	12	8	1	1	0	0	0	1	1	9	1	20	96	51	1	401	0	3	0	0	0	6	6	0	0	0	0	2	0	136	2	0	0	624	7	1	0	0	0	0	7	1	0	0	8	1	337	0	0	1	0	0	130	1	0	0	0	0	227	0	8	90	19	701	1014	1490	772	331	19941	9259	10792	3	71	19047	181	9	0	740	795	10676	1075	8	0	290	0	1	47	1127	0	0	1018	0	10	31	465	23	18	0	48	4	0	469	252	0	0	397	120	3	3	38	36	220	0	272	1	159	2	4	0	1	2	3	28	22	57	5	1	5	628	0	0	0	7	1	18	0	0	1	0	11	1	2	0	2049	0	67	37	1513	1	16	5	0	0	671	254	403	0	2	295	19	218	3	0	0	0	0	0	0	0	4	11	2	9	14	164	2227	1	25	10	1279	3	0	0	0	22	677	1	3	1	743	187	110	422	3	2	39	46	54	5159	60	29	135	181	0	2	123	6365	1	1	84	78	21427	31	16	2215	8	371	392	0	226	3	139	0	271	1798	10	31	5	1570	357	0	0	2	183	205	110	8	1	0	0	118	0	7	21	1	5	48	2675	77	0	0	8	840	13	0	22	0	13	4	0	1	0	2	1	0	0	31	552	39	0	0	0	0	1	0	0	0	0	0	0	21	4	0
RTP12	0	0	0	0	0	0	28	0	31	0	0	0	1	1	3	50	0	1	1	11	0	0	0	21	6	9	23	0	0	0	6	3	0	0	0	1	12	0	0	8	0	0	0	1	0	3	0	0	0	0	2	0	20	14	0	113	0	0	1	1	4	0	0	0	25	0	3	9	0	2	224	85	0	0	220	0	1	30	1	0	8	0	36	6	0	20	0	0	2	0	17	0	19	3	253	4	3	24	0	1	0	0	4	0	4	1	1	29	0	90	67	1	0	0	0	0	16	14	0	8	0	0	1	0	0	0	0	188	0	371	1	5	10	14	13	0	2	0	1	10	0	0	0	0	10	1	0	0	5	7	0	5	0	14	0	0	0	0	14	0	67	0	71	2	22	1	0	0	9	0	0	1	0	37	0	0	0	14	0	1	1	1	1	0	29	1	0	0	0	5	0	0	8	2	3	0	15	0	0	8	0	16	0	0	33	10	0	5	7	0	0	2	0	0	0	1	0	0	0	1	0	0	0	2	0	0	0	1	1	0	0	0	250	2	0	5	12	0	10	30	7	56	0	0	0	1	0	8	5	0	0	0	0	0	0	7951	11	57	165	0	14	2	0	0	17	23	0	0	1	0	0	355	1	37	0	12	0	4	1286	57	16	0	91	0	0	14	529	243	961	945	2084	296	2	0	0	0	0	0	8	0	0	5	2	0	11	3	0	0	3	0	2	0	1	0	0	0	0	0	0	0	30	0	27	4	278	0	0	1	0	2	0	0	5	0	0	32	3	0	0	1	1	0	0	0	0	9	0	0	116	10	149	0	0	28	0	0	0	115	20	1	1	0	33	0	0	0	105	0	0	35	0	0	0	0	0	1	0	0	0	1	3	3	0	0	2	1	54	0	0	42	0	27	1	0	1	60	0	58	0	0	114	1	1	2	0	4	1	0	1	2	0	1843	0	0	3	0	1	1	0	0	0	0	0	0	1	2	0	0	0	28	1	0	39	0	3	1	0	5	0	0	0	19	23	72	1	4	1	3	127	26	0	0	0	48	0	0	0	11	0	0	3	372	5	446	0	24	103	0	7	0	41	0	0	0	0	0	2	3	3	1	25	0	0	7	0	0	58	0	0	0	237	0	98	0	3	0	0	0	0	1	25	0	0	1	0	2	0	0	9	2	2	7	0	858	0	2	5	0	27	5	44	1	54	3	3	0	0	0	0	122	0	25	3	0	1	1	1	6	8	0	0	0	14	0	1	2	0	1	67	0	0	0	0	0	0	0	3	1	11	0	0	0	1	0	17	0	0	0	1	0	0	0	3	0	0	0	0	0	22	0	22	0	1	100	20	6	11	0	5	0	13	0	0	0	13	5	0	6	0	0	0	0	15	1	1	2	0	14	0	1	0	1	5	0	0	21	1	9	0	273	8	3	0	1	0	1	0	9	1	9	2	2	0	0	2	59	11	5	88	0	15	5	0	0	1	0	4	13	0	55	5	0	0	4739	35	1	0	8	0	123	0	2	0	0	0	5	4	1	0	3	3	0	6	3	0	0	0	0	0	0	5	16	2	14	83	49	1	335	0	0	1	0	0	1	8	0	0	0	0	1	0	98	4	4	0	477	9	0	0	0	0	0	10	3	0	0	4	2	290	0	0	5	0	0	83	0	0	0	0	0	164	0	9	61	10	507	721	1237	670	245	15212	7407	8832	2	60	13976	145	8	0	514	582	8058	751	0	0	215	0	1	39	826	0	0	815	0	10	24	325	18	15	0	50	6	1	326	162	0	0	306	100	2	1	34	27	189	0	250	1	133	1	2	1	1	0	1	19	17	31	2	0	1	451	0	0	0	2	0	11	1	1	1	1	6	0	4	0	1452	0	59	15	1097	2	14	5	0	0	530	188	301	1	1	219	12	161	2	1	0	0	0	0	2	0	5	6	1	4	15	111	1762	2	15	5	934	6	1	0	1	17	517	0	3	2	353	140	77	308	1	1	29	40	42	4087	36	20	140	121	0	0	128	4474	5	0	52	77	15647	20	11	1551	6	237	302	0	173	2	114	0	189	1451	11	17	1	1154	281	0	0	0	129	260	82	9	0	1	0	64	0	7	20	0	0	56	1928	53	0	1	7	584	16	0	23	0	9	4	2	2	0	1	0	1	7	22	454	23	0	0	0	0	2	0	0	0	0	0	1	26	8	0
RTP2	0	0	1	53	0	0	29	0	16	0	0	0	0	2	6	59	0	5	2	11	2	0	0	10	5	10	27	0	2	0	6	10	3	0	0	0	9	0	0	6	0	1	0	2	0	0	0	0	0	0	2	0	12	26	0	136	0	2	10	1	5	0	0	0	13	0	4	12	0	0	289	104	0	0	260	0	9	40	1	0	7	0	27	4	0	23	0	0	0	0	2	0	31	0	560	0	14	14	0	0	0	0	7	0	3	0	0	16	0	119	49	0	0	0	0	0	10	10	0	14	0	1	0	0	0	0	0	230	0	581	1	4	16	5	12	0	4	0	3	6	0	0	0	0	11	0	0	6	0	3	0	12	1	10	0	0	1	1	16	0	64	0	70	2	40	1	0	0	9	0	0	1	0	32	0	0	0	31	0	2	1	1	0	0	9	0	0	0	0	2	0	1	2	1	2	0	13	0	1	15	0	15	0	0	14	5	0	5	7	1	0	0	0	0	0	0	0	0	0	0	0	0	1	3	0	0	0	1	2	0	0	3	303	0	0	4	5	0	16	5	10	44	0	0	0	4	0	8	0	0	1	0	0	0	0	10546	27	78	250	0	22	0	1	3	13	38	0	0	0	0	0	441	3	66	0	16	0	6	1688	102	22	0	121	1	2	16	694	324	1125	1279	2814	414	6	0	0	0	0	0	7	0	0	3	0	0	12	0	1	0	2	0	0	0	0	0	0	1	0	0	1	0	32	0	29	10	385	0	0	4	0	8	0	0	0	3	0	48	2	0	0	2	2	0	0	0	0	19	0	0	153	11	141	0	0	39	0	0	0	180	22	1	0	0	54	0	0	0	175	0	0	53	0	0	0	0	0	0	0	1	0	0	1	6	1	0	0	0	40	1	1	44	0	22	0	2	0	42	0	15	0	0	119	0	0	5	1	15	2	0	1	1	0	2233	0	0	0	0	0	0	0	0	0	0	1	0	0	2	0	0	1	35	4	1	49	3	1	0	0	7	0	0	0	13	23	93	1	3	4	5	153	2	0	0	0	19	0	0	0	13	0	0	4	523	5	649	0	20	109	0	6	0	14	0	0	1	0	0	0	1	1	0	27	0	0	12	1	0	72	0	0	0	255	0	127	0	3	1	0	0	0	0	36	0	0	3	0	4	0	0	13	2	0	11	3	1286	0	4	3	0	25	11	44	1	33	10	2	1	1	0	0	149	0	19	5	2	1	0	0	6	8	1	0	0	23	2	0	3	0	2	106	0	0	0	1	0	0	0	7	2	6	0	1	0	5	0	29	0	1	0	10	0	0	0	3	0	0	1	0	0	10	0	44	0	3	96	21	5	10	1	9	1	16	0	0	0	18	5	0	7	0	0	0	0	13	0	0	9	0	12	0	0	0	0	9	3	0	29	0	12	0	419	8	3	0	1	0	1	0	7	0	7	0	1	0	0	2	58	6	3	81	0	3	3	0	0	0	0	4	11	1	82	2	0	0	6897	17	1	0	7	1	127	14	3	0	0	0	6	5	0	0	2	8	0	6	1	0	0	0	1	1	0	2	43	3	19	88	10	1	481	0	0	0	0	0	0	2	0	1	0	0	0	0	169	4	2	0	673	2	1	0	0	0	0	7	0	0	0	9	2	320	0	0	0	0	0	123	1	0	0	0	1	151	0	18	67	14	717	1093	1676	814	339	20761	9738	11040	83	45	19283	165	12	0	866	915	12464	1203	1	1	261	0	3	34	988	0	0	1059	0	17	25	313	7	25	0	36	13	0	402	257	0	0	418	115	1	3	40	26	160	0	225	0	95	3	3	0	0	0	0	29	18	38	0	0	1	669	0	0	1	0	0	18	0	0	0	2	8	0	5	0	2076	0	54	28	1464	1	11	3	0	0	760	251	258	0	2	295	30	254	2	0	0	2	0	0	0	0	3	6	3	4	31	86	2274	2	24	15	1477	6	4	0	0	43	507	0	3	4	118	231	90	386	0	1	34	56	59	5721	52	44	152	169	0	3	125	6573	5	0	80	83	20485	33	14	1945	12	338	467	1	189	3	179	0	275	2012	16	26	1	959	250	0	0	1	170	185	145	6	0	0	0	69	0	1	27	2	0	44	2989	129	0	0	6	623	18	0	18	3	19	7	0	4	0	0	0	1	2	28	655	29	0	0	0	0	0	0	1	0	0	0	0	33	4	0
RTP3	0	1	0	0	0	0	46	0	66	0	0	0	0	2	3	77	0	1	16	27	0	1	0	21	4	13	24	2	2	0	10	10	0	0	0	1	15	0	0	6	0	0	0	0	0	0	0	0	2	1	1	0	19	32	0	122	0	0	3	0	3	0	0	0	16	0	3	13	0	4	360	117	0	0	273	0	9	31	0	0	13	0	67	3	0	19	0	0	1	1	4	0	19	2	430	3	9	41	0	1	0	1	7	0	3	4	0	16	0	134	82	3	0	0	0	0	11	11	0	9	0	0	1	0	0	0	1	286	0	548	0	9	15	17	14	0	4	1	0	0	0	1	0	0	8	0	0	2	2	7	1	6	0	12	0	1	1	0	11	0	58	0	88	3	33	1	0	0	16	0	0	0	0	27	0	0	0	13	0	1	0	2	0	0	19	0	0	0	0	7	0	0	2	1	6	0	14	0	0	28	0	10	0	0	6	20	0	9	11	0	0	0	0	0	0	2	0	0	0	0	0	0	0	2	1	0	0	1	1	0	0	3	334	1	0	5	3	0	14	46	9	83	0	0	0	2	0	9	2	0	2	0	0	0	0	10966	18	68	255	3	8	0	0	0	18	48	0	0	1	0	1	477	3	53	0	21	0	5	1878	67	23	0	166	2	3	23	735	380	1327	1322	2899	424	5	1	0	0	0	0	13	0	0	2	1	0	15	1	0	0	0	1	0	0	0	0	0	1	0	0	1	0	31	0	22	4	309	0	0	1	0	2	0	0	1	7	0	39	2	0	0	0	0	0	0	0	0	10	0	0	151	13	150	0	0	55	0	0	0	195	25	2	0	0	45	0	0	0	124	0	0	74	0	0	0	0	0	0	0	0	0	1	2	5	0	0	1	0	74	0	0	65	0	41	0	2	2	77	0	27	0	0	183	0	1	2	0	16	1	0	0	0	0	2677	0	0	1	0	0	0	0	0	0	0	0	0	0	2	0	0	1	47	3	3	48	4	2	0	0	1	0	0	0	32	27	70	2	7	5	2	327	10	0	0	1	20	0	0	1	9	0	0	2	575	2	644	0	27	134	0	16	0	30	1	0	0	0	0	1	5	4	0	46	0	0	14	0	0	145	0	0	0	334	0	110	1	4	0	0	0	0	0	50	0	0	4	0	9	0	0	28	0	1	8	4	1175	0	0	6	0	16	8	73	0	75	12	3	0	0	0	0	111	0	29	8	1	0	3	2	14	8	1	0	3	36	0	0	4	0	3	112	0	0	0	0	1	0	0	3	4	3	0	0	0	9	0	15	0	0	0	0	1	0	0	9	0	0	0	0	0	23	1	40	0	0	87	31	21	32	2	22	0	21	0	0	0	9	4	0	16	0	0	0	0	9	0	1	16	0	0	0	0	0	0	7	1	0	36	1	11	0	528	7	5	0	1	0	0	0	6	0	14	0	3	1	0	5	97	5	1	92	0	10	9	0	0	0	1	3	8	0	67	3	0	0	8116	21	3	0	2	3	102	0	4	0	0	0	4	10	0	0	2	2	0	3	14	0	0	0	1	0	0	6	10	1	25	82	15	1	477	0	0	1	0	0	0	6	0	1	0	0	1	0	127	2	1	0	634	5	0	0	0	0	0	14	0	1	1	9	2	353	0	0	1	0	0	208	2	0	0	0	0	224	0	17	149	16	819	1081	1915	857	321	21743	9906	13881	0	38	21322	129	15	3	835	911	11915	1194	4	0	394	0	1	46	1149	0	1	1127	0	12	20	420	30	14	0	39	8	0	459	278	0	1	479	101	0	1	39	26	169	0	212	1	153	1	3	1	1	1	0	42	27	38	0	1	0	615	0	0	0	2	0	11	0	0	0	0	21	0	5	0	2170	0	90	42	1801	1	18	12	0	0	713	285	463	0	2	448	23	139	6	0	0	0	0	0	0	0	2	3	7	8	10	270	2553	2	24	15	1450	4	1	0	1	15	627	1	3	9	264	186	96	517	2	2	25	42	69	5588	71	29	190	167	0	0	152	7230	3	1	74	57	21876	25	13	2296	4	378	537	0	167	3	127	0	247	2504	17	47	4	1293	284	0	0	0	163	235	113	1	0	0	0	76	0	6	50	4	1	33	3314	96	0	0	4	1250	17	0	19	2	15	3	1	3	0	1	0	0	0	36	813	57	0	0	0	0	1	0	0	0	0	0	0	25	8	0
RTP4	0	0	0	14	0	1	32	0	42	0	0	1	0	5	2	64	0	1	11	8	1	0	0	13	5	13	12	2	0	0	5	3	1	0	0	2	16	0	1	8	0	0	0	0	0	0	1	0	1	0	1	0	21	23	0	99	0	0	2	0	5	0	0	0	15	1	4	7	0	1	274	69	0	0	255	0	6	28	0	0	8	0	30	5	0	8	0	0	1	0	1	0	10	4	301	0	6	25	0	0	1	1	9	0	4	0	0	15	0	85	57	0	0	0	0	0	11	4	0	8	0	0	1	0	0	0	0	242	0	512	4	6	4	8	10	0	4	1	0	8	0	0	0	0	9	1	1	1	0	6	1	9	0	12	0	1	0	0	5	1	49	0	67	2	17	0	0	0	8	1	0	0	1	35	0	1	0	14	0	0	4	0	0	0	19	0	0	0	0	8	1	0	0	0	2	0	7	0	2	29	0	11	0	0	12	16	0	6	6	0	0	0	0	0	2	0	0	0	0	0	0	1	0	0	2	0	0	2	1	0	0	1	257	2	0	4	9	0	22	16	6	65	0	0	0	3	0	13	2	0	0	0	0	0	0	8133	18	64	205	1	7	0	0	0	7	34	0	0	0	0	1	362	0	40	0	6	0	4	1538	56	28	0	116	1	6	17	608	265	976	1054	2256	337	8	1	0	0	0	0	15	0	0	2	2	0	11	0	1	0	0	0	0	0	0	0	0	0	0	0	0	0	33	0	13	5	282	0	0	2	0	5	0	0	0	3	0	34	3	0	1	1	2	0	0	0	0	13	0	0	146	14	112	0	0	34	1	0	1	168	19	1	0	0	33	0	0	0	122	0	1	54	0	0	0	0	0	1	0	1	0	0	0	0	1	0	0	0	56	0	0	52	0	27	0	1	0	46	0	12	0	0	115	0	1	0	0	7	0	0	2	1	0	2073	0	0	2	0	0	0	0	0	0	0	0	0	0	1	0	0	2	23	4	1	40	0	1	0	1	1	0	0	0	14	21	56	2	3	1	2	187	9	0	0	0	20	0	0	0	10	3	0	4	519	4	523	0	21	81	0	2	0	15	0	0	2	0	0	0	4	0	0	35	0	0	8	0	0	70	0	0	0	256	0	104	0	1	1	0	0	0	0	36	0	0	3	0	2	0	0	17	1	0	10	4	928	0	2	2	0	9	6	38	3	37	6	5	3	0	0	1	109	0	33	5	0	1	0	3	4	10	1	0	0	37	0	0	3	0	0	84	1	0	0	0	0	0	0	1	0	19	0	0	0	4	2	14	0	0	0	6	0	0	0	5	0	0	0	0	0	25	1	35	0	2	65	30	8	21	2	9	0	13	0	0	0	17	1	0	7	0	0	0	0	17	1	0	8	0	4	0	0	0	1	3	0	0	24	0	14	0	329	8	4	0	0	0	0	0	6	0	15	0	0	0	0	2	52	4	1	67	0	9	5	0	0	0	0	3	4	0	57	4	0	0	6226	11	1	0	5	0	84	1	3	0	0	0	3	8	2	2	0	4	0	5	8	0	0	0	0	2	0	6	14	2	13	60	7	0	421	0	1	0	0	0	0	5	0	0	0	0	2	0	120	1	3	0	548	6	0	1	0	0	0	8	0	0	0	3	4	295	0	0	0	0	0	137	1	0	0	0	0	159	0	10	86	13	590	887	1461	717	278	17098	7971	10189	30	66	16804	131	15	0	643	754	10099	917	5	1	253	0	0	35	933	0	0	971	0	11	20	299	20	9	0	32	7	0	347	199	0	0	343	89	1	0	21	24	154	0	214	1	99	2	2	0	0	0	0	33	13	33	1	0	0	482	0	0	0	5	2	12	0	0	3	3	6	0	5	0	1738	0	58	21	1440	0	8	6	0	0	615	234	287	0	1	303	12	184	5	0	0	0	0	0	0	0	1	3	3	2	20	132	1930	1	16	10	1141	5	4	0	0	15	451	1	0	5	175	176	95	365	1	0	24	32	52	5164	47	25	147	147	0	1	132	5513	3	0	48	49	17782	21	5	1789	9	293	439	0	148	2	120	0	204	2097	6	33	1	954	199	0	0	3	95	180	113	12	0	0	0	61	0	6	21	4	2	30	2798	91	0	0	7	652	17	0	19	2	17	6	1	3	0	2	0	0	1	18	589	30	0	0	0	0	0	0	2	0	0	0	0	20	7	0
RTP5	0	0	0	19	0	0	36	0	51	0	0	0	24	3	3	69	0	1	9	16	4	0	0	16	8	17	24	1	0	0	4	5	2	0	0	0	10	0	0	9	0	1	0	2	0	1	0	0	0	0	2	0	34	24	0	157	0	0	5	2	5	0	3	0	28	0	8	13	0	0	355	119	1	0	319	0	7	56	0	0	25	2	37	4	1	19	0	0	1	0	159	2	26	3	490	5	6	136	0	0	0	1	4	0	3	0	0	57	0	168	86	3	1	0	0	0	12	13	0	6	0	0	1	0	0	3	0	273	0	581	5	12	14	11	11	0	8	0	0	1	0	1	1	0	19	0	1	3	1	3	1	10	0	20	0	1	2	0	16	0	93	0	100	2	27	0	0	0	18	1	0	0	0	128	0	0	0	38	0	0	3	0	0	0	24	0	1	0	0	15	0	1	5	2	1	0	44	1	0	24	0	20	0	0	19	9	0	12	7	0	0	9	0	0	1	9	0	0	1	0	0	1	0	0	0	0	1	7	3	0	0	1	407	2	0	6	6	0	18	40	33	57	0	0	0	5	1	6	1	0	0	0	0	0	0	11506	20	105	252	2	7	1	2	1	20	28	0	0	0	1	3	501	5	71	0	11	0	4	1915	72	28	0	125	2	1	35	824	376	1442	1411	3016	489	3	0	0	0	0	0	20	0	0	2	0	0	18	3	1	0	0	0	1	0	0	0	0	0	0	0	3	0	33	0	40	8	312	0	0	6	0	8	0	0	1	7	0	35	5	0	0	3	2	0	0	0	0	26	0	0	189	19	195	0	0	58	1	0	1	217	33	1	0	0	60	1	0	0	165	0	0	62	1	1	0	0	0	0	0	1	0	0	3	4	0	0	2	0	206	0	0	59	0	57	4	1	0	74	0	219	0	0	160	0	2	3	0	7	3	0	1	0	1	2715	0	0	1	1	0	0	1	0	0	0	2	0	0	6	0	1	1	46	6	0	95	0	4	0	0	4	0	0	0	26	46	111	4	4	1	1	205	24	0	0	6	59	0	0	0	18	0	1	3	697	8	700	0	46	154	0	10	1	19	0	1	0	0	0	3	10	3	0	45	0	0	17	0	0	83	0	0	0	482	0	159	4	3	2	0	0	0	0	52	1	0	4	0	9	0	0	15	0	1	8	11	1291	0	0	3	0	63	13	55	22	71	12	9	2	0	0	0	164	0	49	13	0	1	1	3	7	4	4	0	0	34	0	0	1	0	2	99	1	0	0	0	9	0	0	3	2	17	0	7	0	15	84	32	0	0	0	24	0	0	1	13	0	0	1	0	0	30	0	42	1	2	91	30	9	21	4	15	1	19	0	0	0	13	3	0	14	0	0	0	0	16	3	0	11	0	154	1	0	0	0	8	1	0	37	0	8	0	449	14	3	0	1	0	0	0	69	1	22	2	8	0	0	1	76	35	1	133	0	7	4	0	0	1	0	4	16	0	80	1	0	1	8348	12	6	0	4	0	157	2	2	0	0	0	6	11	1	0	4	4	0	14	13	0	1	0	0	15	1	70	18	7	26	101	33	1	576	0	2	2	0	0	85	2	0	0	0	0	2	0	133	4	3	1	757	24	0	0	0	0	0	14	0	0	0	8	7	345	0	0	12	0	0	163	2	0	0	0	1	258	0	19	147	22	879	1106	1945	911	405	22019	10270	12766	22	91	21428	245	24	0	973	988	13557	1252	3	0	415	0	2	55	1501	0	0	1395	0	19	56	705	23	18	0	45	13	0	701	282	0	0	438	149	0	1	49	57	216	0	309	0	444	2	2	1	2	0	0	46	14	69	6	1	2	652	0	0	0	4	0	12	0	0	1	0	16	0	4	0	2577	1	78	29	1875	1	13	6	0	0	756	247	359	1	4	359	31	213	5	2	1	0	0	0	1	0	4	5	5	11	18	178	2582	1	37	9	1617	5	13	0	0	13	661	1	4	4	778	198	121	561	5	1	40	51	82	6706	68	24	212	157	0	1	118	8197	176	5	65	158	23972	37	12	2321	4	481	540	0	233	5	167	0	265	2455	17	42	4	1289	272	0	0	1	177	211	162	8	0	0	0	81	0	6	28	2	2	64	3635	273	0	1	52	1017	20	0	37	1	18	16	71	1	0	0	0	0	2	30	800	42	0	0	0	0	3	0	0	0	0	0	0	36	3	0
RTP6	0	0	0	3	0	0	63	0	54	0	0	1	1	0	1	80	0	2	9	11	4	2	0	17	5	15	39	3	2	0	6	13	3	0	0	1	10	0	0	8	0	2	0	3	0	0	0	0	0	0	4	1	40	19	0	108	0	0	3	3	3	0	0	0	32	0	5	11	0	0	390	96	0	0	330	0	10	38	2	0	19	1	44	4	1	30	0	0	0	0	9	0	18	4	435	7	11	54	1	0	0	1	8	0	3	0	0	18	0	159	85	3	0	0	0	0	30	11	0	8	0	0	1	1	0	2	0	266	0	660	4	13	21	14	43	0	7	2	0	1	0	1	0	0	76	0	0	5	19	9	2	12	0	8	0	1	0	0	14	0	91	0	82	1	30	0	0	0	13	0	0	0	0	28	0	0	0	13	0	0	0	0	0	0	19	0	0	0	0	8	0	0	1	0	1	0	33	0	1	80	0	14	0	0	52	25	0	12	16	0	0	1	0	0	0	4	0	0	0	0	0	1	0	6	0	0	0	2	1	0	0	2	378	0	0	4	16	1	19	21	15	57	0	0	0	11	0	7	5	0	0	0	0	0	0	10710	19	71	312	0	9	4	0	0	23	35	0	0	0	3	1	560	5	56	0	15	0	2	1793	57	15	0	182	2	1	16	672	489	1301	1401	3001	396	6	0	0	0	0	0	11	0	0	23	1	0	15	1	3	0	3	0	0	0	0	0	0	0	0	0	1	0	21	0	11	5	304	0	0	2	0	1	0	0	1	2	0	51	3	2	1	0	1	0	0	0	0	11	0	0	166	14	164	0	0	59	0	0	1	197	32	3	0	0	36	1	0	0	140	0	0	77	0	0	0	0	0	4	0	0	0	2	1	4	1	0	1	3	176	0	0	60	0	47	0	1	1	61	0	11	0	0	171	0	1	2	0	8	0	0	1	0	1	2562	0	0	1	0	0	0	0	2	0	0	0	0	0	8	0	1	5	43	1	1	55	1	2	0	0	2	0	0	0	51	23	106	1	2	2	31	455	24	0	0	6	37	0	1	0	34	1	0	4	612	9	570	0	27	131	0	14	0	47	1	0	0	0	0	3	4	5	1	85	0	0	16	0	0	97	0	0	0	346	0	141	2	2	0	0	0	0	0	40	0	0	11	0	7	1	0	26	0	0	13	2	1171	0	4	7	0	13	15	69	1	40	19	2	1	0	0	0	195	0	35	6	0	0	0	5	7	8	2	0	1	39	0	0	2	0	4	95	0	0	0	0	0	0	0	0	2	8	0	2	0	5	35	24	0	0	0	0	0	0	0	11	0	1	0	0	1	25	1	47	0	3	164	24	13	17	2	10	0	102	0	0	0	5	0	1	29	0	0	0	0	20	5	0	13	0	102	0	0	2	0	9	1	0	30	1	19	0	565	7	1	0	3	0	1	0	12	0	28	0	12	0	0	5	75	15	3	108	0	9	5	0	1	0	0	7	13	2	71	5	0	0	8852	22	2	0	6	1	120	1	2	0	0	0	2	10	0	2	2	6	0	15	16	1	0	0	0	0	0	7	21	6	19	90	192	3	631	0	1	0	0	0	0	8	0	1	0	0	2	3	127	3	0	2	635	7	0	0	0	0	0	11	0	0	1	1	1	351	0	0	2	0	0	226	2	0	0	0	1	161	1	14	140	17	767	1235	2071	1061	329	21419	10075	13828	3	44	22078	159	20	1	779	963	12533	1320	4	0	436	0	0	64	1207	0	0	1476	0	15	26	447	29	12	0	54	18	0	634	268	0	0	489	96	6	3	28	27	254	0	277	2	196	1	7	2	2	0	4	33	38	68	2	1	1	618	0	0	0	5	0	9	0	1	1	0	15	0	2	0	2315	0	115	42	1965	0	13	7	1	0	662	259	326	1	6	445	29	208	2	0	0	1	0	0	0	0	0	7	5	14	9	168	2424	3	19	9	1542	5	7	0	0	64	580	0	5	5	161	236	107	581	2	1	48	45	76	6266	58	33	223	191	0	0	138	7383	70	3	74	100	24119	45	11	2182	12	369	562	0	171	3	161	0	269	2726	15	75	6	1206	258	0	0	2	163	226	160	6	0	0	0	72	0	5	29	2	2	49	3810	134	0	0	3	954	37	0	22	2	41	6	1	6	0	1	0	0	1	23	874	65	0	0	0	0	1	0	0	0	0	0	0	21	8	0
RTP7	0	0	0	0	0	0	39	0	44	0	0	0	0	6	2	58	0	5	7	9	3	0	0	14	5	5	28	0	2	0	10	8	2	0	0	0	9	0	0	8	0	2	0	0	0	1	0	0	0	0	0	0	34	23	0	115	0	0	5	0	5	0	0	0	17	0	2	10	0	0	293	107	0	0	245	0	7	41	0	0	13	0	59	3	1	29	0	0	0	0	3	0	14	1	370	4	9	43	0	1	0	2	10	0	2	2	0	21	0	131	69	2	0	0	1	0	19	8	0	12	0	0	0	0	0	0	0	280	0	651	6	5	17	10	13	0	6	0	0	1	0	1	0	0	4	0	0	1	0	7	0	7	0	8	0	0	0	0	15	0	70	0	89	0	21	2	0	0	14	1	0	0	0	26	0	0	0	16	0	0	0	3	0	0	14	0	0	0	0	9	0	1	3	1	1	0	20	0	0	30	0	8	0	0	13	16	0	6	10	0	0	0	0	0	0	1	0	0	1	0	0	1	0	1	1	0	0	2	6	0	0	2	346	1	0	0	12	0	14	26	3	47	0	0	0	14	0	8	1	0	0	0	0	0	0	9769	24	79	294	0	10	2	1	0	22	44	0	0	0	0	0	513	2	69	0	16	0	2	1552	61	25	0	133	1	3	27	756	438	1250	1324	3043	419	11	0	0	0	0	0	10	0	0	1	0	0	14	0	1	1	3	0	0	0	0	0	1	0	0	0	1	0	32	0	24	9	281	0	0	4	0	5	0	0	0	3	0	38	1	1	0	2	0	0	0	0	0	16	0	0	141	16	180	0	0	43	0	0	0	164	24	1	0	0	51	0	0	0	168	0	0	60	0	0	0	0	0	0	0	0	0	0	0	2	4	0	3	0	297	0	1	54	0	35	0	1	0	56	0	15	0	0	189	1	1	3	0	6	2	0	1	2	0	2493	0	0	1	0	0	0	0	0	0	0	0	0	1	3	0	0	0	27	0	0	68	0	2	20	0	1	0	0	0	45	33	85	2	1	3	4	147	10	0	0	0	24	1	0	0	14	1	0	4	560	10	591	0	27	138	1	9	0	31	0	0	4	0	1	0	6	2	0	70	0	1	14	0	0	90	0	0	0	256	0	116	0	8	0	0	0	0	0	40	0	0	7	0	4	0	0	24	0	2	9	1	1296	0	2	2	0	32	12	74	1	68	9	4	1	0	0	0	144	0	41	13	1	2	1	1	7	4	0	0	0	36	0	1	3	0	2	95	0	0	1	0	0	0	0	2	1	12	0	0	0	12	0	21	0	0	0	1	0	0	1	6	0	0	1	0	3	22	0	55	0	2	117	28	7	18	5	10	1	16	0	0	0	10	1	0	10	0	0	1	0	12	5	0	10	0	6	0	0	0	0	10	1	0	29	0	22	0	753	10	3	0	0	0	1	0	6	0	20	0	0	0	0	3	76	6	4	81	0	11	6	0	0	0	0	4	14	0	66	5	0	0	8462	14	1	0	8	0	97	1	1	0	0	0	5	11	0	1	3	6	0	12	3	0	1	0	0	0	1	16	14	0	19	94	105	2	550	0	0	2	0	0	0	2	0	0	0	0	0	0	137	2	3	0	716	20	0	0	0	0	0	9	0	0	1	6	3	300	0	0	1	0	0	174	1	0	0	0	1	190	0	9	110	9	760	1135	2023	1047	430	20861	9218	13856	0	24	21462	236	16	0	670	774	10649	1014	3	0	383	0	2	48	1105	0	0	1361	0	12	33	389	22	15	0	62	16	0	474	264	0	1	394	102	3	1	29	36	197	0	264	1	171	3	6	0	2	0	0	34	16	55	3	0	1	609	0	0	0	0	0	11	0	0	2	1	10	1	3	0	1971	0	67	28	1718	2	18	4	0	0	738	246	375	0	3	455	17	214	2	1	0	1	0	0	1	0	1	8	5	9	13	273	2142	1	20	3	1417	7	0	0	1	9	755	0	2	2	159	198	96	439	5	1	36	49	76	5908	52	33	179	149	0	2	154	6941	2	0	68	87	22966	35	11	2168	8	368	439	0	187	2	144	0	222	2796	14	81	3	1310	288	0	0	1	174	194	155	8	0	0	1	80	1	4	26	0	4	58	3927	149	0	1	8	868	18	1	17	1	15	3	0	0	0	0	0	0	1	30	834	33	0	0	1	0	0	0	0	0	0	0	1	24	15	0
RTP8	0	1	0	1	1	0	54	0	22	0	0	1	1	1	2	44	0	1	0	7	0	1	0	6	8	5	6	0	3	0	2	4	0	0	0	2	5	0	0	8	0	0	0	0	1	2	0	0	0	1	1	0	22	22	0	75	0	1	2	3	0	0	0	0	21	0	5	10	0	0	226	95	0	0	259	0	1	30	0	0	5	0	6	0	0	23	0	0	0	0	23	2	10	2	212	3	3	48	0	0	0	1	8	0	1	0	0	15	0	19	50	3	1	0	0	0	3	10	0	5	0	0	0	0	0	1	0	266	0	598	1	0	9	3	19	0	6	2	0	0	0	0	1	0	16	0	0	1	3	5	0	8	0	3	0	0	0	0	13	0	24	0	43	3	23	0	0	0	11	0	0	2	0	17	0	0	0	9	0	0	0	0	1	0	4	0	0	0	0	7	0	0	3	0	3	0	11	0	1	27	0	13	0	0	17	9	0	8	6	0	0	1	0	0	0	0	0	1	0	0	0	1	0	1	0	0	2	0	4	0	0	0	246	2	0	7	11	0	7	13	8	14	0	0	0	3	0	7	0	0	1	0	0	0	0	4661	8	58	131	0	6	0	0	0	7	28	0	0	1	2	0	206	1	29	0	7	0	2	617	26	8	0	80	0	1	15	497	201	586	655	1402	161	6	0	0	0	0	0	11	0	0	6	0	0	6	0	1	0	1	0	0	0	0	0	0	2	0	0	3	0	13	0	12	3	163	0	0	0	0	3	0	0	1	0	0	45	0	0	0	1	0	0	0	0	0	1	0	0	82	14	57	0	0	24	0	0	1	163	11	0	0	0	34	0	0	0	93	0	0	34	0	0	0	0	0	0	0	0	0	0	5	1	0	0	0	1	138	0	0	35	0	8	2	0	0	22	0	16	0	0	57	0	1	1	0	0	1	0	0	0	0	1612	0	0	0	1	0	0	0	0	0	0	1	0	1	4	0	0	1	7	0	1	19	0	1	2	0	0	0	0	0	17	37	24	2	3	0	7	189	12	0	0	3	22	0	0	0	11	0	0	6	310	2	497	1	4	31	0	2	0	12	0	0	1	0	0	0	3	3	0	41	0	1	11	0	0	65	0	0	0	282	0	40	0	4	1	0	0	0	1	24	0	0	8	0	3	0	0	17	1	0	14	4	977	0	2	8	0	19	9	56	7	10	10	2	0	0	0	0	87	0	20	4	0	1	0	0	8	2	0	0	0	28	0	0	4	0	1	60	0	0	0	0	0	0	0	1	1	11	0	0	0	2	6	5	0	0	0	1	0	0	0	2	0	0	0	0	2	6	0	26	0	1	16	15	9	17	0	6	0	4	0	0	0	5	1	0	7	0	0	0	0	9	2	1	5	0	63	0	0	0	0	1	1	0	12	1	15	0	320	7	2	0	2	1	2	0	12	0	11	1	5	0	0	2	55	11	2	86	0	10	3	0	0	0	0	3	14	0	30	1	0	0	4401	1	1	0	5	1	30	0	3	0	0	0	1	5	0	1	1	2	0	3	6	0	0	0	0	3	0	10	10	2	4	16	44	0	260	0	0	0	0	0	15	2	0	1	0	0	4	0	141	0	5	0	560	3	1	0	0	0	0	8	0	0	1	9	1	120	0	0	0	0	1	99	2	0	0	0	1	114	0	7	102	9	426	746	1693	725	273	15214	6296	10167	7	23	19975	145	17	0	449	763	10255	1126	1	0	306	0	3	38	769	0	0	881	0	10	22	253	21	6	0	38	9	0	404	228	0	0	211	41	3	0	29	22	143	0	246	0	146	4	3	0	1	0	1	15	17	39	3	0	2	351	0	0	1	0	0	9	0	0	0	0	8	0	5	0	2258	0	70	35	1337	0	4	3	0	0	601	142	167	0	2	244	14	159	4	0	0	1	0	0	0	1	2	9	4	9	10	72	1357	2	11	3	960	4	3	0	0	13	280	0	5	3	211	147	54	411	11	0	32	28	53	4299	59	24	156	137	0	0	106	6475	71	7	31	35	13056	26	10	1438	7	191	303	0	146	8	121	0	109	2444	4	49	3	1024	231	0	1	1	32	168	119	7	1	1	0	53	1	1	14	1	1	30	3724	125	0	1	10	546	23	0	15	2	10	4	13	0	0	1	0	0	2	21	471	28	0	0	0	0	3	0	0	0	0	0	0	21	3	0
RTP9	0	0	2	0	1	0	28	0	24	0	0	3	0	2	1	100	0	3	7	12	3	0	1	12	3	14	20	1	1	0	10	4	1	1	0	0	10	0	0	14	2	1	0	1	0	0	0	0	1	1	3	0	37	31	0	209	0	0	6	2	4	0	0	0	20	0	5	7	0	1	295	79	1	0	293	0	10	47	2	0	7	1	49	4	0	28	0	0	0	0	16	0	19	1	408	12	11	49	0	2	0	0	6	0	9	2	0	43	0	170	96	0	0	0	0	1	35	13	0	10	0	0	2	0	0	0	1	283	0	556	3	9	12	16	17	1	9	0	0	4	0	1	0	0	4	0	0	3	6	4	0	7	1	28	0	0	1	0	10	0	113	0	100	1	26	1	0	0	13	0	0	2	0	38	0	0	0	9	0	1	3	0	0	0	75	0	0	0	0	10	0	0	14	1	2	1	22	0	0	24	0	9	0	0	51	9	0	7	8	0	0	1	0	0	2	3	0	0	0	1	0	0	0	5	0	0	0	2	5	0	0	0	378	1	0	4	19	1	16	35	9	53	0	0	0	2	0	9	6	0	0	0	0	0	0	11016	17	78	288	1	19	1	2	0	14	31	0	0	0	0	0	549	6	67	0	18	0	6	1858	81	25	0	121	1	2	21	775	417	1445	1346	3258	395	2	0	0	0	0	0	15	0	0	4	1	0	16	0	1	1	3	2	0	0	1	0	0	2	0	0	0	0	55	0	28	3	316	0	0	0	1	8	1	0	1	5	0	38	1	1	0	0	3	1	0	0	0	27	1	0	153	11	190	1	0	59	0	0	0	173	27	1	0	0	53	0	0	0	130	0	1	58	0	0	0	0	0	1	0	1	0	0	4	4	1	0	1	1	99	0	0	57	0	53	0	0	2	112	0	61	0	0	169	1	3	8	0	7	2	0	1	2	0	2288	0	0	4	1	0	0	0	0	0	0	1	0	0	4	0	1	0	43	6	0	62	0	2	2	0	5	0	0	0	30	35	111	1	4	1	3	168	28	0	0	2	28	0	0	0	17	4	0	1	609	5	635	0	38	225	0	13	0	70	0	0	0	0	0	1	6	1	0	31	0	0	14	0	0	83	0	0	0	325	1	130	1	6	0	0	0	0	0	37	0	0	6	0	4	0	0	22	0	2	8	1	1235	0	2	10	1	40	9	68	0	72	12	3	1	0	0	0	120	0	27	15	3	0	0	1	13	7	4	0	2	22	0	0	10	0	2	107	1	0	0	0	0	1	0	6	3	17	0	0	0	13	2	22	0	0	0	3	0	0	0	8	0	0	0	0	1	35	1	32	0	1	163	20	8	21	6	19	0	24	0	0	0	13	0	3	13	0	0	0	0	21	5	0	8	0	4	0	0	0	0	6	1	0	45	0	13	0	556	3	6	0	0	0	0	0	7	2	5	1	2	0	0	4	69	21	4	90	0	20	4	0	0	0	0	5	15	0	102	3	0	0	7349	96	0	1	11	1	232	0	3	0	0	0	6	2	3	0	1	2	0	11	8	2	0	1	0	0	0	9	18	5	26	118	96	3	478	0	0	4	0	1	0	1	0	0	0	0	0	0	134	9	0	0	585	12	1	0	0	0	1	13	3	0	0	7	1	335	0	0	1	1	0	150	1	0	0	0	1	207	0	9	100	7	716	1063	1714	876	349	19943	9675	13002	0	104	17719	262	12	0	756	794	10966	1116	3	0	305	0	2	46	1190	0	0	1191	0	16	28	480	27	4	0	49	12	0	502	263	0	1	479	135	2	1	31	49	281	0	356	3	197	2	3	1	3	1	1	31	37	43	10	1	4	660	0	0	0	7	0	30	0	0	1	0	10	0	4	0	2110	0	55	28	1542	2	17	4	2	0	728	245	415	0	4	354	26	241	3	0	0	1	0	0	1	0	4	6	2	11	16	242	2444	3	33	8	1396	7	2	0	1	14	782	0	3	5	403	186	90	517	4	0	34	36	68	6065	42	33	208	181	0	2	131	6322	4	0	75	106	20549	34	15	2044	9	375	443	0	278	6	155	0	265	2012	10	39	3	1921	402	0	0	2	180	560	118	16	0	0	0	74	2	11	32	1	3	57	2799	73	0	2	9	809	22	0	23	1	21	7	0	0	0	2	0	0	2	20	770	40	0	0	1	0	3	0	0	0	0	0	0	34	1	1
